asof_utc,ticker,borrow_annual,rebate_annual,fee_annual,available
2026-01-05T18:34:17.234223+00:00,ABEO,0.0,0.029355000000000003,0.007045,2000000.0
2026-01-05T18:34:17.234223+00:00,ABP,2.32808,-1.14584,1.18224,10000.0
2026-01-05T18:34:17.234223+00:00,ABTC,0.123638,-0.043619000000000005,0.08001899999999999,2100000.0
2026-01-05T18:34:17.234223+00:00,ABTS,0.18365599999999999,-0.073628,0.110028,2000.0
2026-01-05T18:34:17.234223+00:00,ABVC,0.254344,-0.108972,0.145372,90000.0
2026-01-05T18:34:17.234223+00:00,ACB,0.0,0.018671,0.017728999999999998,200000.0
2026-01-05T18:34:17.234223+00:00,ACET,0.0,0.027271,0.009129,300000.0
2026-01-05T18:34:17.234223+00:00,ACHV,0.0,0.025394999999999997,0.011005000000000001,400000.0
2026-01-05T18:34:17.234223+00:00,ACON,0.517944,-0.240772,0.277172,40000.0
2026-01-05T18:34:17.234223+00:00,ACXP,0.900374,-0.431987,0.46838700000000005,50000.0
2026-01-05T18:34:17.234223+00:00,ADIL,0.050567999999999995,-0.007084,0.043483999999999995,2300000.0
2026-01-05T18:34:17.234223+00:00,ADTX,4.274464,-2.119032,2.1554320000000002,6000.0
2026-01-05T18:34:17.234223+00:00,ADXN,0.25646,-0.11003,0.14643,8000.0
2026-01-05T18:34:17.234223+00:00,ADXS,0.693288,-0.328444,0.364844,100000.0
2026-01-05T18:34:17.234223+00:00,AEHL,4.137976,-2.050788,2.087188,25000.0
2026-01-05T18:34:17.234223+00:00,AEI,0.15250200000000003,-0.058051000000000005,0.09445100000000001,85000.0
2026-01-05T18:34:17.234223+00:00,AEMD,1.041056,-0.502328,0.538728,30000.0
2026-01-05T18:34:17.234223+00:00,AEON,0.241208,-0.102404,0.138804,2000000.0
2026-01-05T18:34:17.234223+00:00,AEVA,0.0,0.032507,0.0038929999999999998,1300000.0
2026-01-05T18:34:17.234223+00:00,AGEN,0.0,0.031441,0.004959,500000.0
2026-01-05T18:34:17.234223+00:00,AGMH,0.7245539999999999,-0.34407699999999997,0.380477,75000.0
2026-01-05T18:34:17.234223+00:00,AHT,0.0,0.032586,0.003814,450000.0
2026-01-05T18:34:17.234223+00:00,AIFF,0.049226,-0.006412999999999999,0.042813,150000.0
2026-01-05T18:34:17.234223+00:00,AIFU,0.741802,-0.352701,0.389101,40000.0
2026-01-05T18:34:17.234223+00:00,AIHS,0.42966000000000004,-0.19663,0.23303000000000001,80000.0
2026-01-05T18:34:17.234223+00:00,AIM,0.133048,-0.048324,0.08472400000000001,1000.0
2026-01-05T18:34:17.234223+00:00,AIMD,0.635118,-0.299359,0.335759,100000.0
2026-01-05T18:34:17.234223+00:00,AIRI,0.012070000000000004,0.012164999999999999,0.024235000000000003,350000.0
2026-01-05T18:34:17.234223+00:00,AIXC,0.557628,-0.260614,0.297014,200000.0
2026-01-05T18:34:17.234223+00:00,AIXI,0.038344,-0.000972,0.037372,550000.0
2026-01-05T18:34:17.234223+00:00,AKA,0.363862,-0.16373100000000002,0.200131,55000.0
2026-01-05T18:34:17.234223+00:00,AKAN,1.429758,-0.696679,0.733079,550000.0
2026-01-05T18:34:17.234223+00:00,AKTX,0.168458,-0.066029,0.102429,5800000.0
2026-01-05T18:34:17.234223+00:00,ALAR,0.153412,-0.058506,0.094906,250000.0
2026-01-05T18:34:17.234223+00:00,ALBT,0.572416,-0.26800799999999997,0.304408,150000.0
2026-01-05T18:34:17.234223+00:00,ALCE,0.0,0.0339,0.0025,5000.0
2026-01-05T18:34:17.234223+00:00,ALGS,0.0,0.027302,0.009098,90000.0
2026-01-05T18:34:17.234223+00:00,ALLR,0.130118,-0.046859000000000005,0.08325900000000001,900000.0
2026-01-05T18:34:17.234223+00:00,ALPP,0.059078000000000006,-0.011338999999999998,0.047739000000000004,500000.0
2026-01-05T18:34:17.234223+00:00,ALUR,0.20613199999999998,-0.084866,0.121266,20000.0
2026-01-05T18:34:17.234223+00:00,ALZN,0.123026,-0.043313,0.079713,150000.0
2026-01-05T18:34:17.234223+00:00,AMBO,0.360086,-0.16184300000000001,0.198243,100000.0
2026-01-05T18:34:17.234223+00:00,AMBR,0.236802,-0.100201,0.136601,1300000.0
2026-01-05T18:34:17.234223+00:00,AMC,0.0,0.032016,0.004384,2200000.0
2026-01-05T18:34:17.234223+00:00,AMIX,2.352974,-1.158287,1.194687,300000.0
2026-01-05T18:34:17.234223+00:00,AMPE,0.003522000000000001,0.016439,0.019961,8000.0
2026-01-05T18:34:17.234223+00:00,AMRN,0.0,0.0339,0.0025,450000.0
2026-01-05T18:34:17.234223+00:00,AMST,0.589156,-0.276378,0.312778,90000.0
2026-01-05T18:34:17.234223+00:00,AMTD,0.0014979999999999993,0.017451,0.018949,250000.0
2026-01-05T18:34:17.234223+00:00,AMWL,0.0,0.03351,0.0028910000000000003,400000.0
2026-01-05T18:34:17.234223+00:00,AMZE,0.531958,-0.247779,0.284179,800000.0
2026-01-05T18:34:17.234223+00:00,ANY,0.0,0.030802999999999997,0.0055969999999999995,2600000.0
2026-01-05T18:34:17.234223+00:00,APLM,1.006092,-0.484846,0.521246,35000.0
2026-01-05T18:34:17.234223+00:00,APM,0.776608,-0.370104,0.406504,350000.0
2026-01-05T18:34:17.234223+00:00,APRE,0.01831,0.009045,0.027355,400000.0
2026-01-05T18:34:17.234223+00:00,APVO,0.6059760000000001,-0.284788,0.32118800000000003,20000.0
2026-01-05T18:34:17.234223+00:00,AQB,0.578184,-0.270892,0.307292,150000.0
2026-01-05T18:34:17.234223+00:00,AQMS,0.519796,-0.241698,0.278098,100000.0
2026-01-05T18:34:17.234223+00:00,ARBB,1.194936,-0.579268,0.615668,20000.0
2026-01-05T18:34:17.234223+00:00,ARBK,0.530958,-0.24727900000000003,0.283679,45000.0
2026-01-05T18:34:17.234223+00:00,AREB,1.6580720000000002,-0.810836,0.8472360000000001,400000.0
2026-01-05T18:34:17.234223+00:00,ARQQ,0.184838,-0.074219,0.110619,150000.0
2026-01-05T18:34:17.234223+00:00,ARTL,0.107006,-0.035303,0.071703,45000.0
2026-01-05T18:34:17.234223+00:00,ASMB,0.0,0.030358999999999997,0.0060409999999999995,300000.0
2026-01-05T18:34:17.234223+00:00,ASNS,7.555,-3.7593,3.7957,200000.0
2026-01-05T18:34:17.234223+00:00,ASPS,0.0,0.026636000000000003,0.009764,100000.0
2026-01-05T18:34:17.234223+00:00,ASRT,0.0,0.028096999999999997,0.008303,200000.0
2026-01-05T18:34:17.234223+00:00,ASTC,0.006077999999999997,0.015161,0.021238999999999997,100000.0
2026-01-05T18:34:17.234223+00:00,ATCH,0.242006,-0.102803,0.139203,500000.0
2026-01-05T18:34:17.234223+00:00,ATER,0.0006000000000000033,0.0179,0.018500000000000003,600000.0
2026-01-05T18:34:17.234223+00:00,ATHA,0.050712,-0.007156,0.043556,150000.0
2026-01-05T18:34:17.234223+00:00,ATHE,0.070742,-0.017171000000000002,0.053571,550000.0
2026-01-05T18:34:17.234223+00:00,ATNM,0.0,0.03215,0.00425,900000.0
2026-01-05T18:34:17.234223+00:00,ATON,3.32303,-1.643315,1.6797149999999998,100000.0
2026-01-05T18:34:17.234223+00:00,ATPC,0.58774,-0.27567,0.31207,600000.0
2026-01-05T18:34:17.234223+00:00,ATRA,0.0,0.032891,0.003509,70000.0
2026-01-05T18:34:17.234223+00:00,ATXG,1.874582,-0.919091,0.955491,600000.0
2026-01-05T18:34:17.234223+00:00,ATXI,0.07968599999999999,-0.021643,0.058043,150000.0
2026-01-05T18:34:17.234223+00:00,ATXS,0.0,0.03231,0.00409,2300000.0
2026-01-05T18:34:17.234223+00:00,AUID,0.539926,-0.251763,0.288163,350000.0
2026-01-05T18:34:17.234223+00:00,AUMN,0.012187999999999997,0.012105999999999999,0.024293999999999996,550000.0
2026-01-05T18:34:17.234223+00:00,AUUD,0.262284,-0.112942,0.149342,200000.0
2026-01-05T18:34:17.234223+00:00,AUVI,0.0,0.0339,0.0025,150000.0
2026-01-05T18:34:17.234223+00:00,AVTX,0.010672000000000001,0.012864,0.023536,700000.0
2026-01-05T18:34:17.234223+00:00,AVX,4.8748260000000005,-2.419213,2.455613,80000.0
2026-01-05T18:34:17.234223+00:00,AWIN,2.334642,-1.149121,1.185521,20000.0
2026-01-05T18:34:17.234223+00:00,AYTU,0.275254,-0.119427,0.15582700000000002,300000.0
2026-01-05T18:34:17.234223+00:00,AZ,0.0,0.022141,0.014258999999999999,500000.0
2026-01-05T18:34:17.234223+00:00,AZI,10.16993,-5.066765,5.103165000000001,55000.0
2026-01-05T18:34:17.234223+00:00,AZTR,0.30879599999999996,-0.13619799999999999,0.17259799999999997,100000.0
2026-01-05T18:34:17.234223+00:00,BACK,2.004898,-0.9842489999999999,1.020649,350000.0
2026-01-05T18:34:17.234223+00:00,BAOS,0.615348,-0.289474,0.325874,70000.0
2026-01-05T18:34:17.234223+00:00,BBGI,2.846256,-1.404928,1.441328,30000.0
2026-01-05T18:34:17.234223+00:00,BBIG,0.39301600000000003,-0.178308,0.214708,350000.0
2026-01-05T18:34:17.234223+00:00,BBLG,0.435072,-0.19933599999999999,0.235736,100000.0
2026-01-05T18:34:17.234223+00:00,BCDA,0.0,0.026920000000000003,0.009479999999999999,400000.0
2026-01-05T18:34:17.234223+00:00,BCLI,0.13791199999999998,-0.050755999999999996,0.087156,300000.0
2026-01-05T18:34:17.234223+00:00,BDRX,7.9804200000000005,-3.97201,4.0084100000000005,75000.0
2026-01-05T18:34:17.234223+00:00,BDSX,0.021764,0.007318,0.029082,100000.0
2026-01-05T18:34:17.234223+00:00,BENF,2.48264,-1.22312,1.25952,10000.0
2026-01-05T18:34:17.234223+00:00,BETR,0.00196,0.01722,0.01918,85000.0
2026-01-05T18:34:17.234223+00:00,BFRI,0.026514,0.004943,0.031457,600000.0
2026-01-05T18:34:17.234223+00:00,BGLC,0.45861399999999997,-0.21110700000000002,0.24750699999999998,15000.0
2026-01-05T18:34:17.234223+00:00,BGM,0.093596,-0.028598,0.064998,10000.0
2026-01-05T18:34:17.234223+00:00,BGMS,1.7232440000000002,-0.843422,0.8798220000000001,55000.0
2026-01-05T18:34:17.234223+00:00,BHAT,0.24825,-0.10592499999999999,0.142325,100000.0
2026-01-05T18:34:17.234223+00:00,BIAF,0.453478,-0.208539,0.244939,150000.0
2026-01-05T18:34:17.234223+00:00,BIMI,0.185566,-0.07458300000000001,0.110983,150000.0
2026-01-05T18:34:17.234223+00:00,BINI,5.25476,-2.6091800000000003,2.64558,550000.0
2026-01-05T18:34:17.234223+00:00,BIRD,0.010329999999999999,0.013035000000000001,0.023365,150000.0
2026-01-05T18:34:17.234223+00:00,BIVI,0.23169800000000002,-0.09764900000000001,0.134049,250000.0
2026-01-05T18:34:17.234223+00:00,BIYA,0.518444,-0.241022,0.277422,20000.0
2026-01-05T18:34:17.234223+00:00,BJDX,3.6811619999999996,-1.822381,1.8587809999999998,150000.0
2026-01-05T18:34:17.234223+00:00,BKKT,0.0,0.020932,0.015467999999999999,350000.0
2026-01-05T18:34:17.234223+00:00,BKSY,0.0,0.025227,0.011172999999999999,100000.0
2026-01-05T18:34:17.234223+00:00,BKTI,0.0,0.02167,0.01473,80000.0
2026-01-05T18:34:17.234223+00:00,BKYI,0.45236,-0.20797999999999997,0.24438,450000.0
2026-01-05T18:34:17.234223+00:00,BLBX,0.170264,-0.066932,0.103332,60000.0
2026-01-05T18:34:17.234223+00:00,BLNE,0.15841,-0.061005000000000004,0.097405,1000000.0
2026-01-05T18:34:17.234223+00:00,BLRX,0.570128,-0.266864,0.303264,100000.0
2026-01-05T18:34:17.234223+00:00,BMRA,0.03549,0.000455,0.035945,30000.0
2026-01-05T18:34:17.234223+00:00,BNBX,1.6989079999999999,-0.8312539999999999,0.867654,25000.0
2026-01-05T18:34:17.234223+00:00,BNC,0.195006,-0.079303,0.115703,700000.0
2026-01-05T18:34:17.234223+00:00,BNED,0.0,0.027915000000000002,0.008485,500000.0
2026-01-05T18:34:17.234223+00:00,BNGO,0.125544,-0.044572,0.080972,550000.0
2026-01-05T18:34:17.234223+00:00,BNKK,0.079512,-0.021556000000000002,0.057956,100000.0
2026-01-05T18:34:17.234223+00:00,BNR,0.028371999999999998,0.004014,0.032386,350000.0
2026-01-05T18:34:17.234223+00:00,BNRG,0.182786,-0.07319300000000001,0.10959300000000001,45000.0
2026-01-05T18:34:17.234223+00:00,BNTC,0.0,0.030306000000000003,0.0060940000000000005,300000.0
2026-01-05T18:34:17.234223+00:00,BNZI,0.53222,-0.24791,0.28431,550000.0
2026-01-05T18:34:17.234223+00:00,BODI,0.0,0.032299,0.0041010000000000005,95000.0
2026-01-05T18:34:17.234223+00:00,BOLT,0.0,0.026861000000000003,0.009538999999999999,70000.0
2026-01-05T18:34:17.234223+00:00,BON,0.30971400000000004,-0.136657,0.17305700000000002,300000.0
2026-01-05T18:34:17.234223+00:00,BORR,0.0,0.032077,0.0043230000000000005,4900000.0
2026-01-05T18:34:17.234223+00:00,BOXL,0.20213000000000003,-0.08286500000000001,0.11926500000000001,1000.0
2026-01-05T18:34:17.234223+00:00,BPTH,1.0893000000000002,-0.5264500000000001,0.56285,400000.0
2026-01-05T18:34:17.234223+00:00,BQ,2.373714,-1.168657,1.205057,40000.0
2026-01-05T18:34:17.234223+00:00,BSFC,0.101508,-0.032554,0.068954,4100000.0
2026-01-05T18:34:17.234223+00:00,BSLK,1.1874660000000001,-0.575533,0.6119330000000001,90000.0
2026-01-05T18:34:17.234223+00:00,BTAI,0.13175199999999998,-0.047675999999999996,0.084076,900000.0
2026-01-05T18:34:17.234223+00:00,BTCT,0.07737000000000001,-0.020485000000000003,0.056885000000000005,500000.0
2026-01-05T18:34:17.234223+00:00,BTCY,0.086892,-0.025246,0.061646,1600000.0
2026-01-05T18:34:17.234223+00:00,BTOG,0.063636,-0.013617999999999998,0.050018,4800000.0
2026-01-05T18:34:17.234223+00:00,BTTC,3.157428,-1.560514,1.596914,250000.0
2026-01-05T18:34:17.234223+00:00,BURU,0.042656,-0.003128,0.039528,5300000.0
2026-01-05T18:34:17.234223+00:00,BYFC,0.0,0.031404999999999995,0.004995,150000.0
2026-01-05T18:34:17.234223+00:00,BZFD,0.0,0.030869,0.005531,4400000.0
2026-01-05T18:34:17.234223+00:00,CALA,0.00864,0.013879999999999998,0.02252,100000.0
2026-01-05T18:34:17.234223+00:00,CALC,0.213804,-0.088702,0.125102,1500000.0
2026-01-05T18:34:17.234223+00:00,CAMP,0.7329300000000001,-0.34826500000000005,0.38466500000000003,200000.0
2026-01-05T18:34:17.234223+00:00,CARM,0.24968200000000002,-0.106641,0.143041,1000000.0
2026-01-05T18:34:17.234223+00:00,CASI,0.14821,-0.055904999999999996,0.092305,150000.0
2026-01-05T18:34:17.234223+00:00,CATX,0.0,0.03329,0.00311,450000.0
2026-01-05T18:34:17.234223+00:00,CBIO,0.15398,-0.058789999999999995,0.09519,300000.0
2026-01-05T18:34:17.234223+00:00,CBUS,0.01847,0.008964999999999999,0.027435,65000.0
2026-01-05T18:34:17.234223+00:00,CCM,1.044346,-0.503973,0.540373,8000.0
2026-01-05T18:34:17.234223+00:00,CD,0.19119799999999998,-0.077399,0.113799,30000.0
2026-01-05T18:34:17.234223+00:00,CDIO,0.095166,-0.029383,0.065783,8000.0
2026-01-05T18:34:17.234223+00:00,CDT,0.568602,-0.266101,0.302501,50000.0
2026-01-05T18:34:17.234223+00:00,CDTX,0.0,0.032729,0.003671,550000.0
2026-01-05T18:34:17.234223+00:00,CELU,0.10327599999999999,-0.033437999999999996,0.069838,200000.0
2026-01-05T18:34:17.234223+00:00,CELZ,0.009347999999999999,0.013526,0.022874,100000.0
2026-01-05T18:34:17.234223+00:00,CENN,0.0,0.0292,0.0072,550000.0
2026-01-05T18:34:17.234223+00:00,CERO,0.9025700000000001,-0.433085,0.46948500000000004,1500000.0
2026-01-05T18:34:17.234223+00:00,CETX,4.46399,-2.213795,2.2501949999999997,100000.0
2026-01-05T18:34:17.234223+00:00,CETY,2.4169140000000002,-1.190257,1.226657,250000.0
2026-01-05T18:34:17.234223+00:00,CGC,0.017298,0.009550999999999999,0.026848999999999998,2100000.0
2026-01-05T18:34:17.234223+00:00,CHAI,0.54017,-0.251885,0.28828499999999996,150000.0
2026-01-05T18:34:17.234223+00:00,CHNR,0.529794,-0.246697,0.283097,35000.0
2026-01-05T18:34:17.234223+00:00,CHPT,0.262342,-0.112971,0.149371,200000.0
2026-01-05T18:34:17.234223+00:00,CHR,0.168288,-0.065944,0.102344,400000.0
2026-01-05T18:34:17.234223+00:00,CHSN,0.332598,-0.148099,0.184499,30000.0
2026-01-05T18:34:17.234223+00:00,CING,0.081146,-0.022372999999999997,0.058773,200000.0
2026-01-05T18:34:17.234223+00:00,CISO,0.11386,-0.03873,0.07513,450000.0
2026-01-05T18:34:17.234223+00:00,CISS,1.702718,-0.833159,0.869559,1000000.0
2026-01-05T18:34:17.234223+00:00,CLDI,0.193936,-0.078768,0.11516799999999999,250000.0
2026-01-05T18:34:17.234223+00:00,CLIK,3.2872440000000003,-1.6254220000000001,1.661822,25000.0
2026-01-05T18:34:17.234223+00:00,CLNN,0.018897999999999998,0.008751,0.027649,100000.0
2026-01-05T18:34:17.234223+00:00,CLRB,0.252108,-0.10785399999999999,0.144254,200000.0
2026-01-05T18:34:17.234223+00:00,CLRO,2.277812,-1.120706,1.157106,70000.0
2026-01-05T18:34:17.234223+00:00,CLSK,0.0,0.032101000000000005,0.004299,1500000.0
2026-01-05T18:34:17.234223+00:00,CLVR,1.176042,-0.569821,0.606221,95000.0
2026-01-05T18:34:17.234223+00:00,CMCM,0.071466,-0.017533,0.053933,600000.0
2026-01-05T18:34:17.234223+00:00,CMCT,7.427806,-3.695703,3.7321030000000004,45000.0
2026-01-05T18:34:17.234223+00:00,CMMB,0.089822,-0.026711,0.063111,550000.0
2026-01-05T18:34:17.234223+00:00,CMND,1.0490300000000001,-0.5063150000000001,0.5427150000000001,85000.0
2026-01-05T18:34:17.234223+00:00,CNET,0.0,0.022309000000000002,0.014091,95000.0
2026-01-05T18:34:17.234223+00:00,CNEY,0.153622,-0.058611,0.095011,300000.0
2026-01-05T18:34:17.234223+00:00,CNF,0.105992,-0.034796,0.071196,150000.0
2026-01-05T18:34:17.234223+00:00,CNSP,0.110106,-0.036853,0.073253,9000.0
2026-01-05T18:34:17.234223+00:00,CNVS,0.0,0.031946,0.0044540000000000005,1900000.0
2026-01-05T18:34:17.234223+00:00,COCP,0.050064,-0.006832,0.043232,250000.0
2026-01-05T18:34:17.234223+00:00,COE,0.064316,-0.013958,0.050358,650000.0
2026-01-05T18:34:17.234223+00:00,COEP,0.07858799999999999,-0.021093999999999998,0.057493999999999996,200.0
2026-01-05T18:34:17.234223+00:00,COGT,0.0,0.031884,0.004516,2900000.0
2026-01-05T18:34:17.234223+00:00,COMS,0.220994,-0.09229699999999999,0.128697,30000.0
2026-01-05T18:34:17.234223+00:00,COSM,0.0,0.033515,0.002885,400000.0
2026-01-05T18:34:17.234223+00:00,CPHI,0.16078800000000001,-0.062194,0.09859400000000001,20000.0
2026-01-05T18:34:17.234223+00:00,CPOP,0.14393,-0.053765,0.09016500000000001,150000.0
2026-01-05T18:34:17.234223+00:00,CRBP,0.0,0.03033,0.00607,1000000.0
2026-01-05T18:34:17.234223+00:00,CREG,0.561634,-0.262617,0.29901700000000003,100000.0
2026-01-05T18:34:17.234223+00:00,CREX,0.0,0.03202,0.00438,350000.0
2026-01-05T18:34:17.234223+00:00,CRIS,0.0,0.025125,0.011275,1100000.0
2026-01-05T18:34:17.234223+00:00,CRKN,0.029506000000000004,0.003447,0.032953,100000.0
2026-01-05T18:34:17.234223+00:00,CRVO,0.16393999999999997,-0.06377,0.10017,250000.0
2026-01-05T18:34:17.234223+00:00,CSPI,0.0,0.030840999999999997,0.005559,100000.0
2026-01-05T18:34:17.234223+00:00,CTEV,0.0,0.029358,0.0070420000000000005,150000.0
2026-01-05T18:34:17.234223+00:00,CTHR,0.029516,0.003442,0.032958,100000.0
2026-01-05T18:34:17.234223+00:00,CTNT,0.027195999999999998,0.004602,0.031798,150000.0
2026-01-05T18:34:17.234223+00:00,CTRM,0.0,0.018909,0.017491,500000.0
2026-01-05T18:34:17.234223+00:00,CTXR,0.456538,-0.210069,0.246469,150000.0
2026-01-05T18:34:17.234223+00:00,CUEN,0.9694400000000001,-0.46652,0.50292,70000.0
2026-01-05T18:34:17.234223+00:00,CVKD,0.083564,-0.023582000000000002,0.059982,20000.0
2026-01-05T18:34:17.234223+00:00,CVLG,0.0,0.027351,0.009049,300000.0
2026-01-05T18:34:17.234223+00:00,CVM,0.071494,-0.017547,0.053947,100000.0
2026-01-05T18:34:17.234223+00:00,CWD,0.8375839999999999,-0.40059199999999995,0.436992,400000.0
2026-01-05T18:34:17.234223+00:00,CYCN,0.40470399999999995,-0.18415199999999998,0.220552,65000.0
2026-01-05T18:34:17.234223+00:00,CYCU,3.2725999999999997,-1.6181,1.6544999999999999,3000.0
2026-01-05T18:34:17.234223+00:00,CYN,0.191824,-0.077712,0.11411199999999999,250000.0
2026-01-05T18:34:17.234223+00:00,CYPH,0.22916599999999998,-0.096383,0.13278299999999998,2700000.0
2026-01-05T18:34:17.234223+00:00,DARE,0.021554,0.007423,0.028977,400000.0
2026-01-05T18:34:17.234223+00:00,DAVE,0.0,0.030802999999999997,0.0055969999999999995,250000.0
2026-01-05T18:34:17.234223+00:00,DBGI,0.627,-0.2953,0.3317,80000.0
2026-01-05T18:34:17.234223+00:00,DBVT,0.036678,-0.000139,0.036539,9000.0
2026-01-05T18:34:17.234223+00:00,DCTH,0.0,0.031718,0.004682,2400000.0
2026-01-05T18:34:17.234223+00:00,DDC,0.96726,-0.46543,0.50183,150000.0
2026-01-05T18:34:17.234223+00:00,DEVS,1.060628,-0.512114,0.548514,35000.0
2026-01-05T18:34:17.234223+00:00,DFDV,0.16265200000000002,-0.063126,0.099526,900000.0
2026-01-05T18:34:17.234223+00:00,DFLI,0.12117,-0.042385,0.078785,450000.0
2026-01-05T18:34:17.234223+00:00,DGLY,0.360576,-0.162088,0.198488,80000.0
2026-01-05T18:34:17.234223+00:00,DHAI,0.346198,-0.154899,0.191299,40000.0
2026-01-05T18:34:17.234223+00:00,DLPN,0.0,0.021258,0.015142,55000.0
2026-01-05T18:34:17.234223+00:00,DNA,0.0,0.030699,0.005701,150000.0
2026-01-05T18:34:17.234223+00:00,DNTH,0.0,0.032407,0.003993,700000.0
2026-01-05T18:34:17.234223+00:00,DOGZ,1.003736,-0.483668,0.520068,10000.0
2026-01-05T18:34:17.234223+00:00,DOMH,0.157404,-0.060502,0.096902,2000.0
2026-01-05T18:34:17.234223+00:00,DOYU,0.0,0.018751,0.017648999999999998,650000.0
2026-01-05T18:34:17.234223+00:00,DPRO,0.204732,-0.084166,0.12056599999999999,400000.0
2026-01-05T18:34:17.234223+00:00,DRIO,0.155184,-0.05939199999999999,0.095792,100000.0
2026-01-05T18:34:17.234223+00:00,DRMA,9.398384,-4.680992,4.717392,6000.0
2026-01-05T18:34:17.234223+00:00,DRUG,0.072674,-0.018137,0.054537,20000.0
2026-01-05T18:34:17.234223+00:00,DSS,0.003986,0.016207,0.020193,100000.0
2026-01-05T18:34:17.234223+00:00,DTIL,0.0,0.030225,0.006175000000000001,200000.0
2026-01-05T18:34:17.234223+00:00,DTSS,0.035188,0.000606,0.035794,150000.0
2026-01-05T18:34:17.234223+00:00,DUO,0.832892,-0.398246,0.434646,800000.0
2026-01-05T18:34:17.234223+00:00,DVLT,0.1481,-0.05585,0.09225,850000.0
2026-01-05T18:34:17.234223+00:00,DWTX,0.18347999999999998,-0.07354,0.10994,150000.0
2026-01-05T18:34:17.234223+00:00,DXF,0.36331,-0.16345500000000002,0.19985499999999998,10000.0
2026-01-05T18:34:17.234223+00:00,DYNT,0.028992000000000004,0.0037040000000000003,0.032696,600000.0
2026-01-05T18:34:17.234223+00:00,EAF,0.0,0.022581000000000004,0.013819,200000.0
2026-01-05T18:34:17.234223+00:00,EBET,0.48138400000000003,-0.222492,0.258892,350000.0
2026-01-05T18:34:17.234223+00:00,EBON,0.029498,0.003451,0.032949,250000.0
2026-01-05T18:34:17.234223+00:00,ECDA,4.334784,-2.1491919999999998,2.185592,100000.0
2026-01-05T18:34:17.234223+00:00,ECOR,0.0,0.02619,0.010209999999999999,1400000.0
2026-01-05T18:34:17.234223+00:00,EDBL,0.21484999999999999,-0.089225,0.125625,150000.0
2026-01-05T18:34:17.234223+00:00,EDSA,1.1871939999999999,-0.575397,0.6117969999999999,200000.0
2026-01-05T18:34:17.234223+00:00,EFOI,0.0,0.025226000000000002,0.011174,60000.0
2026-01-05T18:34:17.234223+00:00,EFTR,0.0,0.019927,0.016473,100000.0
2026-01-05T18:34:17.234223+00:00,EJH,0.476704,-0.22015200000000001,0.256552,20000.0
2026-01-05T18:34:17.234223+00:00,EKSO,1.537848,-0.7507240000000001,0.787124,100000.0
2026-01-05T18:34:17.234223+00:00,ELAB,3.9556880000000003,-1.9596440000000002,1.996044,90000.0
2026-01-05T18:34:17.234223+00:00,ELBM,0.384074,-0.17383700000000002,0.210237,2400000.0
2026-01-05T18:34:17.234223+00:00,ELDN,0.0,0.032102,0.004298,1800000.0
2026-01-05T18:34:17.234223+00:00,ELOX,1.659238,-0.8114190000000001,0.8478189999999999,40000.0
2026-01-05T18:34:17.234223+00:00,ELPW,1.115162,-0.539381,0.575781,20000.0
2026-01-05T18:34:17.234223+00:00,ELTX,0.024752,0.005824,0.030576,35000.0
2026-01-05T18:34:17.234223+00:00,ELWS,0.41342199999999996,-0.18851099999999998,0.224911,25000.0
2026-01-05T18:34:17.234223+00:00,ELYS,0.12888,-0.046239999999999996,0.08263999999999999,150000.0
2026-01-05T18:34:17.234223+00:00,EMPD,0.087346,-0.025473,0.061873,1000000.0
2026-01-05T18:34:17.234223+00:00,ENSC,0.229638,-0.096619,0.133019,100000.0
2026-01-05T18:34:17.234223+00:00,ENSV,0.013404000000000001,0.011498,0.024902,550000.0
2026-01-05T18:34:17.234223+00:00,ENVB,1.28634,-0.62497,0.66137,35000.0
2026-01-05T18:34:17.234223+00:00,ERNA,4.401914,-2.182757,2.219157,10000.0
2026-01-05T18:34:17.234223+00:00,ESEA,0.0,0.032046,0.004354,55000.0
2026-01-05T18:34:17.234223+00:00,ETHZ,0.10015600000000001,-0.031878000000000004,0.068278,1000000.0
2026-01-05T18:34:17.234223+00:00,EVAX,0.40076999999999996,-0.18218499999999999,0.218585,350000.0
2026-01-05T18:34:17.234223+00:00,EVFM,0.0,0.0339,0.0025,1500000.0
2026-01-05T18:34:17.234223+00:00,EVGN,0.361584,-0.162592,0.198992,35000.0
2026-01-05T18:34:17.234223+00:00,EVLO,1.2136799999999999,-0.5886399999999999,0.6250399999999999,55000.0
2026-01-05T18:34:17.234223+00:00,EVTL,0.0,0.025897,0.010503,1100000.0
2026-01-05T18:34:17.234223+00:00,EVTV,2.076362,-1.019981,1.056381,200000.0
2026-01-05T18:34:17.234223+00:00,EYPT,0.0,0.03243,0.0039700000000000004,900000.0
2026-01-05T18:34:17.234223+00:00,EZGO,0.359258,-0.16142900000000002,0.197829,5000.0
2026-01-05T18:34:17.234223+00:00,FAMI,0.082842,-0.023221,0.05962100000000001,95000.0
2026-01-05T18:34:17.234223+00:00,FBIO,0.446642,-0.205121,0.241521,10000.0
2026-01-05T18:34:17.234223+00:00,FBRX,0.0,0.01823,0.01817,60000.0
2026-01-05T18:34:17.234223+00:00,FCEL,0.26754,-0.11557,0.15197,1700000.0
2026-01-05T18:34:17.234223+00:00,FCUV,1.092904,-0.528252,0.564652,40000.0
2026-01-05T18:34:17.234223+00:00,FEAM,0.014321999999999998,0.011039,0.025360999999999998,65000.0
2026-01-05T18:34:17.234223+00:00,FEDU,0.230628,-0.09711399999999999,0.133514,100000.0
2026-01-05T18:34:17.234223+00:00,FENG,0.023604,0.006398,0.030002,250000.0
2026-01-05T18:34:17.234223+00:00,FET,0.0,0.033588,0.0028120000000000003,400000.0
2026-01-05T18:34:17.234223+00:00,FFAI,0.223444,-0.093522,0.129922,40000.0
2026-01-05T18:34:17.234223+00:00,FGEN,0.0,0.027374,0.009026,550000.0
2026-01-05T18:34:17.234223+00:00,FGI,3.341578,-1.652589,1.688989,25000.0
2026-01-05T18:34:17.234223+00:00,FGNX,0.6872,-0.32539999999999997,0.3618,3900000.0
2026-01-05T18:34:17.234223+00:00,FIEE,1.36102,-0.66231,0.6987099999999999,200000.0
2026-01-05T18:34:17.234223+00:00,FLGC,0.612296,-0.287948,0.324348,10000.0
2026-01-05T18:34:17.234223+00:00,FLNT,0.024708,0.0058460000000000005,0.030554,150000.0
2026-01-05T18:34:17.234223+00:00,FNCH,0.182622,-0.073111,0.109511,150000.0
2026-01-05T18:34:17.234223+00:00,FOA,0.0,0.032116,0.004284,70000.0
2026-01-05T18:34:17.234223+00:00,FOXO,0.528888,-0.24624400000000002,0.282644,
2026-01-05T18:34:17.234223+00:00,FRGE,0.0,0.032285,0.004115,150000.0
2026-01-05T18:34:17.234223+00:00,FRGT,1.619688,-0.791644,0.828044,50000.0
2026-01-05T18:34:17.234223+00:00,FRSX,0.183328,-0.073464,0.109864,35000.0
2026-01-05T18:34:17.234223+00:00,FTCI,0.0,0.024827,0.011573,550000.0
2026-01-05T18:34:17.234223+00:00,FTEL,3.2712399999999997,-1.6174199999999999,1.65382,550000.0
2026-01-05T18:34:17.234223+00:00,FTFT,0.059008000000000005,-0.011304000000000002,0.047704,300000.0
2026-01-05T18:34:17.234223+00:00,FTK,0.0,0.032222,0.004178,250000.0
2026-01-05T18:34:17.234223+00:00,FWDI,0.5000220000000001,-0.23181100000000002,0.26821100000000003,1400000.0
2026-01-05T18:34:17.234223+00:00,GAME,0.0,0.023821,0.012579,1800000.0
2026-01-05T18:34:17.234223+00:00,GBIO,0.142914,-0.053257000000000006,0.089657,250000.0
2026-01-05T18:34:17.234223+00:00,GCTK,0.941952,-0.452776,0.489176,20000.0
2026-01-05T18:34:17.234223+00:00,GDC,0.817332,-0.390466,0.42686599999999997,95000.0
2026-01-05T18:34:17.234223+00:00,GDEV,0.5249,-0.24425,0.28065,20000.0
2026-01-05T18:34:17.234223+00:00,GDHG,0.670024,-0.316812,0.35321199999999997,25000.0
2026-01-05T18:34:17.234223+00:00,GECC,0.0,0.030802999999999997,0.0055969999999999995,250000.0
2026-01-05T18:34:17.234223+00:00,GFAI,0.012634000000000001,0.011883,0.024517,1100000.0
2026-01-05T18:34:17.234223+00:00,GGR,0.056049999999999996,-0.009825,0.046224999999999995,650000.0
2026-01-05T18:34:17.234223+00:00,GIBO,0.53799,-0.250795,0.287195,100000.0
2026-01-05T18:34:17.234223+00:00,GLBS,0.046563999999999994,-0.005082,0.041482,450000.0
2026-01-05T18:34:17.234223+00:00,GLMD,0.082248,-0.022924000000000003,0.059324,500000.0
2026-01-05T18:34:17.234223+00:00,GLTO,1.898036,-0.930818,0.967218,10000.0
2026-01-05T18:34:17.234223+00:00,GLXG,0.803634,-0.383617,0.420017,55000.0
2026-01-05T18:34:17.234223+00:00,GMBL,0.421654,-0.192627,0.22902699999999998,65000.0
2026-01-05T18:34:17.234223+00:00,GMM,0.104908,-0.034254,0.07065400000000001,35000.0
2026-01-05T18:34:17.234223+00:00,GNLN,1.567578,-0.765589,0.801989,70000.0
2026-01-05T18:34:17.234223+00:00,GNPX,0.7080759999999999,-0.33583799999999997,0.37223799999999996,250000.0
2026-01-05T18:34:17.234223+00:00,GNS,0.23982199999999998,-0.101711,0.13811099999999998,200000.0
2026-01-05T18:34:17.234223+00:00,GOCO,0.0,0.031908,0.0044919999999999995,1100000.0
2026-01-05T18:34:17.234223+00:00,GOVX,0.548098,-0.255849,0.29224900000000004,1900000.0
2026-01-05T18:34:17.234223+00:00,GP,0.635544,-0.299572,0.335972,50000.0
2026-01-05T18:34:17.234223+00:00,GPUS,0.1053,-0.03445,0.07085,7000000.0
2026-01-05T18:34:17.234223+00:00,GRCE,0.0,0.032427000000000004,0.003973,600000.0
2026-01-05T18:34:17.234223+00:00,GREE,0.0033079999999999984,0.016546,0.019854,500000.0
2026-01-05T18:34:17.234223+00:00,GRI,1.023152,-0.49337600000000004,0.529776,150000.0
2026-01-05T18:34:17.234223+00:00,GRNQ,0.066148,-0.014874,0.051274,150000.0
2026-01-05T18:34:17.234223+00:00,GROM,0.08021199999999999,-0.021906,0.058306,300000.0
2026-01-05T18:34:17.234223+00:00,GROV,0.071456,-0.017528,0.053928000000000004,200000.0
2026-01-05T18:34:17.234223+00:00,GRRR,0.138446,-0.051023,0.087423,350000.0
2026-01-05T18:34:17.234223+00:00,GSAT,0.0,0.03351,0.0028910000000000003,250000.0
2026-01-05T18:34:17.234223+00:00,GSUN,0.071042,-0.017321,0.053721,35000.0
2026-01-05T18:34:17.234223+00:00,GTBP,1.3079399999999999,-0.63577,0.6721699999999999,20000.0
2026-01-05T18:34:17.234223+00:00,GTE,0.0,0.023331,0.013068999999999999,400000.0
2026-01-05T18:34:17.234223+00:00,GURE,0.8295180000000001,-0.39655900000000005,0.43295900000000004,55000.0
2026-01-05T18:34:17.234223+00:00,GV,1.154718,-0.559159,0.5955590000000001,200000.0
2026-01-05T18:34:17.234223+00:00,GVH,0.26436000000000004,-0.11398,0.15038,100000.0
2026-01-05T18:34:17.234223+00:00,GWAV,1.13768,-0.55064,0.58704,25000.0
2026-01-05T18:34:17.234223+00:00,GWH,0.34148,-0.15254,0.18894,1400000.0
2026-01-05T18:34:17.234223+00:00,GXAI,0.19995799999999997,-0.08177899999999999,0.11817899999999999,100000.0
2026-01-05T18:34:17.234223+00:00,GYRE,0.038956,-0.001278,0.037677999999999996,75000.0
2026-01-05T18:34:17.234223+00:00,HALL,0.43197,-0.19778500000000002,0.234185,100000.0
2026-01-05T18:34:17.234223+00:00,HAO,0.0,0.023791000000000003,0.012608999999999999,300000.0
2026-01-05T18:34:17.234223+00:00,HCTI,0.843334,-0.40346699999999996,0.439867,200000.0
2026-01-05T18:34:17.234223+00:00,HCWB,0.662398,-0.312999,0.349399,250000.0
2026-01-05T18:34:17.234223+00:00,HEPA,2.169094,-1.066347,1.102747,500000.0
2026-01-05T18:34:17.234223+00:00,HIND,0.318992,-0.141296,0.177696,70000.0
2026-01-05T18:34:17.234223+00:00,HMR,0.183174,-0.07338700000000001,0.109787,300000.0
2026-01-05T18:34:17.234223+00:00,HOLO,0.263374,-0.11348699999999999,0.149887,1600000.0
2026-01-05T18:34:17.234223+00:00,HOOK,0.0,0.019400999999999998,0.016999,800000.0
2026-01-05T18:34:17.234223+00:00,HOTH,0.003955999999999998,0.016222,0.020177999999999998,700000.0
2026-01-05T18:34:17.234223+00:00,HPCO,0.0,0.0339,0.0025,30000.0
2026-01-05T18:34:17.234223+00:00,HSCS,0.156164,-0.059882,0.09628199999999999,200000.0
2026-01-05T18:34:17.234223+00:00,HSDT,0.559018,-0.261309,0.297709,450000.0
2026-01-05T18:34:17.234223+00:00,HTCO,0.044520000000000004,-0.00406,0.04046,100000.0
2026-01-05T18:34:17.234223+00:00,HTOO,1.248008,-0.605804,0.642204,75000.0
2026-01-05T18:34:17.234223+00:00,HUBC,0.33582,-0.14971,0.18611,650000.0
2026-01-05T18:34:17.234223+00:00,HUIZ,0.033138,0.0016309999999999999,0.034769,300000.0
2026-01-05T18:34:17.234223+00:00,HURA,0.055938,-0.009769,0.046169,2100000.0
2026-01-05T18:34:17.234223+00:00,HUT,0.0,0.032156,0.004244,1500000.0
2026-01-05T18:34:17.234223+00:00,HWH,1.061416,-0.512508,0.548908,30000.0
2026-01-05T18:34:17.234223+00:00,HYFM,0.023719999999999998,0.00634,0.030059999999999996,300000.0
2026-01-05T18:34:17.234223+00:00,HYMC,0.0,0.029678,0.0067220000000000005,550000.0
2026-01-05T18:34:17.234223+00:00,HYPD,1.813036,-0.888318,0.924718,150000.0
2026-01-05T18:34:17.234223+00:00,IBG,0.49897199999999997,-0.231286,0.267686,100000.0
2026-01-05T18:34:17.234223+00:00,IBIO,0.16554999999999997,-0.064575,0.100975,250000.0
2026-01-05T18:34:17.234223+00:00,ICCT,3.138006,-1.550803,1.5872030000000001,100000.0
2026-01-05T18:34:17.234223+00:00,ICON,0.5979019999999999,-0.280751,0.317151,400000.0
2026-01-05T18:34:17.234223+00:00,IDAI,0.059546,-0.011573,0.047973,150000.0
2026-01-05T18:34:17.234223+00:00,IDR,0.0,0.032153,0.004247,350000.0
2026-01-05T18:34:17.234223+00:00,IDXG,0.230338,-0.096969,0.133369,200000.0
2026-01-05T18:34:17.234223+00:00,IFBD,0.014462,0.010969,0.025431,70000.0
2026-01-05T18:34:17.234223+00:00,IKT,0.0,0.032286999999999996,0.004113,1100000.0
2026-01-05T18:34:17.234223+00:00,ILAG,0.039293999999999996,-0.001447,0.037847,10000.0
2026-01-05T18:34:17.234223+00:00,ILLR,0.090706,-0.027153,0.063553,100000.0
2026-01-05T18:34:17.234223+00:00,IMA,0.026022000000000003,0.005189,0.031211000000000003,350000.0
2026-01-05T18:34:17.234223+00:00,IMCC,0.60319,-0.283395,0.319795,4000.0
2026-01-05T18:34:17.234223+00:00,IMDX,0.0,0.032156,0.004244,65000.0
2026-01-05T18:34:17.234223+00:00,IMNN,0.538834,-0.251217,0.287617,250000.0
2026-01-05T18:34:17.234223+00:00,IMPP,0.043364,-0.0034820000000000003,0.039882,1300000.0
2026-01-05T18:34:17.234223+00:00,IMTE,0.057496,-0.010548,0.046948,100000.0
2026-01-05T18:34:17.234223+00:00,INAB,0.059483999999999995,-0.011541999999999998,0.047942,350000.0
2026-01-05T18:34:17.234223+00:00,INDP,4.63385,-2.298725,2.3351249999999997,150000.0
2026-01-05T18:34:17.234223+00:00,INHD,1.7953240000000001,-0.8794620000000001,0.9158620000000001,100.0
2026-01-05T18:34:17.234223+00:00,INKT,0.07258400000000001,-0.018092,0.054492000000000006,100000.0
2026-01-05T18:34:17.234223+00:00,INM,0.143516,-0.053558,0.089958,100000.0
2026-01-05T18:34:17.234223+00:00,INO,0.051404000000000005,-0.007502,0.043902000000000004,400000.0
2026-01-05T18:34:17.234223+00:00,INSG,0.0,0.031747,0.004653,100000.0
2026-01-05T18:34:17.234223+00:00,INTZ,0.018832,0.008784,0.027616,450000.0
2026-01-05T18:34:17.234223+00:00,INUV,0.0,0.03213,0.0042699999999999995,250000.0
2026-01-05T18:34:17.234223+00:00,IONM,8.744804,-4.354202,4.390602,20000.0
2026-01-05T18:34:17.234223+00:00,IOTR,0.037554000000000004,-0.000577,0.036977,25000.0
2026-01-05T18:34:17.234223+00:00,IPDN,0.679718,-0.32165900000000003,0.358059,200000.0
2026-01-05T18:34:17.234223+00:00,IPI,0.0,0.033203,0.0031969999999999998,200000.0
2026-01-05T18:34:17.234223+00:00,IPST,1.832196,-0.897898,0.934298,25000.0
2026-01-05T18:34:17.234223+00:00,IPW,0.119288,-0.041444,0.077844,4000.0
2026-01-05T18:34:17.234223+00:00,IQST,0.020947999999999998,0.007725999999999999,0.028673999999999998,150000.0
2026-01-05T18:34:17.234223+00:00,IRON,0.0,0.033104,0.003296,200000.0
2026-01-05T18:34:17.234223+00:00,ISPC,0.412802,-0.188201,0.224601,200000.0
2026-01-05T18:34:17.234223+00:00,ISPO,0.125912,-0.044756,0.081156,450000.0
2026-01-05T18:34:17.234223+00:00,ITP,0.038904,-0.001252,0.037652,600000.0
2026-01-05T18:34:17.234223+00:00,ITRG,0.0,0.032319,0.004081,3200000.0
2026-01-05T18:34:17.234223+00:00,ITRM,0.0,0.024371,0.012029000000000001,1600000.0
2026-01-05T18:34:17.234223+00:00,IVDA,1.9966019999999998,-0.9801009999999999,1.0165009999999999,300000.0
2026-01-05T18:34:17.234223+00:00,IVF,2.801506,-1.3825530000000001,1.418953,10000.0
2026-01-05T18:34:17.234223+00:00,IVP,0.370062,-0.166831,0.203231,400000.0
2026-01-05T18:34:17.234223+00:00,IXHL,0.048040000000000006,-0.00582,0.04222000000000001,1500000.0
2026-01-05T18:34:17.234223+00:00,IZEA,0.0009000000000000015,0.01775,0.01865,450000.0
2026-01-05T18:34:17.234223+00:00,JAGX,0.314492,-0.139046,0.175446,80000.0
2026-01-05T18:34:17.234223+00:00,JAKK,0.0,0.032168,0.0042320000000000005,400000.0
2026-01-05T18:34:17.234223+00:00,JBIO,0.0,0.021560000000000003,0.014839999999999999,350000.0
2026-01-05T18:34:17.234223+00:00,JDZG,0.541226,-0.252413,0.288813,60000.0
2026-01-05T18:34:17.234223+00:00,JFBR,2.7056940000000003,-1.334647,1.3710470000000001,100000.0
2026-01-05T18:34:17.234223+00:00,JFU,0.050488000000000005,-0.007044,0.043444,100000.0
2026-01-05T18:34:17.234223+00:00,JG,0.13425399999999998,-0.048927,0.085327,100000.0
2026-01-05T18:34:17.234223+00:00,JILL,0.0,0.032142,0.0042580000000000005,100000.0
2026-01-05T18:34:17.234223+00:00,JL,0.89783,-0.430715,0.467115,30000.0
2026-01-05T18:34:17.234223+00:00,JSPR,0.031784,0.002308,0.034092,1200000.0
2026-01-05T18:34:17.234223+00:00,JTAI,0.7118739999999999,-0.33773699999999995,0.374137,100000.0
2026-01-05T18:34:17.234223+00:00,JWEL,0.186692,-0.07514599999999999,0.111546,70000.0
2026-01-05T18:34:17.234223+00:00,JXG,4.438414,-2.2010069999999997,2.237407,25000.0
2026-01-05T18:34:17.234223+00:00,JYD,0.6653,-0.31445,0.35085,20000.0
2026-01-05T18:34:17.234223+00:00,JZ,2.021902,-0.9927509999999999,1.029151,25000.0
2026-01-05T18:34:17.234223+00:00,JZXN,6.72354,-3.34357,3.37997,200.0
2026-01-05T18:34:17.234223+00:00,KALA,0.39028799999999997,-0.17694400000000002,0.21334399999999998,1200000.0
2026-01-05T18:34:17.234223+00:00,KAVL,0.6335139999999999,-0.29855699999999996,0.334957,750000.0
2026-01-05T18:34:17.234223+00:00,KG,0.0,0.030154999999999998,0.0062450000000000006,50000.0
2026-01-05T18:34:17.234223+00:00,KITT,1.0681180000000001,-0.5158590000000001,0.552259,400000.0
2026-01-05T18:34:17.234223+00:00,KLRS,0.029136,0.0036320000000000002,0.032768,250000.0
2026-01-05T18:34:17.234223+00:00,KLXE,0.0,0.030569000000000002,0.005830999999999999,1300000.0
2026-01-05T18:34:17.234223+00:00,KORE,0.19369,-0.07864499999999999,0.11504500000000001,20000.0
2026-01-05T18:34:17.234223+00:00,KPLT,0.155454,-0.059527000000000004,0.09592700000000001,90000.0
2026-01-05T18:34:17.234223+00:00,KPRX,0.0,0.0339,0.0025,250000.0
2026-01-05T18:34:17.234223+00:00,KPTI,0.0,0.026833999999999997,0.009566,350000.0
2026-01-05T18:34:17.234223+00:00,KRKR,0.6773340000000001,-0.320467,0.35686700000000005,100000.0
2026-01-05T18:34:17.234223+00:00,KRRO,0.0,0.030430000000000002,0.00597,100000.0
2026-01-05T18:34:17.234223+00:00,KSCP,0.152392,-0.057996,0.09439600000000001,300000.0
2026-01-05T18:34:17.234223+00:00,KTTA,1.4969320000000002,-0.730266,0.7666660000000001,500000.0
2026-01-05T18:34:17.234223+00:00,KULR,0.11108799999999999,-0.037344,0.07374399999999999,1000000.0
2026-01-05T18:34:17.234223+00:00,KXIN,7.237398,-3.6004989999999997,3.636899,4000.0
2026-01-05T18:34:17.234223+00:00,KZIA,4.309512,-2.136556,2.172956,100000.0
2026-01-05T18:34:17.234223+00:00,KZR,0.010192000000000001,0.013104,0.023296,400000.0
2026-01-05T18:34:17.234223+00:00,LCFY,0.775844,-0.369722,0.40612200000000004,35000.0
2026-01-05T18:34:17.234223+00:00,LCID,0.27402000000000004,-0.11881,0.15521000000000001,350000.0
2026-01-05T18:34:17.234223+00:00,LDWY,0.03455,0.000925,0.035475,40000.0
2026-01-05T18:34:17.234223+00:00,LEE,0.11454600000000001,-0.039073000000000004,0.075473,200000.0
2026-01-05T18:34:17.234223+00:00,LENZ,0.0,0.029117999999999998,0.007281999999999999,100000.0
2026-01-05T18:34:17.234223+00:00,LESL,0.001634,0.017383,0.019017,600000.0
2026-01-05T18:34:17.234223+00:00,LGCB,1.006776,-0.485188,0.5215879999999999,55000.0
2026-01-05T18:34:17.234223+00:00,LGCL,0.514952,-0.23927600000000002,0.275676,45000.0
2026-01-05T18:34:17.234223+00:00,LGHL,4.7810939999999995,-2.372347,2.408747,60000.0
2026-01-05T18:34:17.234223+00:00,LGMK,0.0,0.02806,0.00834,25000.0
2026-01-05T18:34:17.234223+00:00,LGVN,0.19865,-0.081125,0.11752499999999999,200000.0
2026-01-05T18:34:17.234223+00:00,LICN,0.624954,-0.294277,0.330677,100000.0
2026-01-05T18:34:17.234223+00:00,LIDR,0.04920000000000001,-0.0064,0.042800000000000005,750000.0
2026-01-05T18:34:17.234223+00:00,LIPO,0.8576900000000001,-0.41064500000000004,0.447045,450000.0
2026-01-05T18:34:17.234223+00:00,LIQT,0.0,0.023656,0.012744,250000.0
2026-01-05T18:34:17.234223+00:00,LITB,0.072272,-0.017936,0.054336,550000.0
2026-01-05T18:34:17.234223+00:00,LITM,0.317996,-0.140798,0.177198,1000000.0
2026-01-05T18:34:17.234223+00:00,LITS,0.401824,-0.182712,0.219112,4200000.0
2026-01-05T18:34:17.234223+00:00,LIXT,0.553932,-0.258766,0.295166,100000.0
2026-01-05T18:34:17.234223+00:00,LMFA,0.234378,-0.098989,0.135389,950000.0
2026-01-05T18:34:17.234223+00:00,LNAI,1.178112,-0.570856,0.607256,75000.0
2026-01-05T18:34:17.234223+00:00,LNZA,0.42944400000000005,-0.196522,0.23292200000000002,25000.0
2026-01-05T18:34:17.234223+00:00,LOCL,0.207532,-0.08556599999999999,0.121966,65000.0
2026-01-05T18:34:17.234223+00:00,LODE,0.0,0.032025,0.004375,2400000.0
2026-01-05T18:34:17.234223+00:00,LOGC,0.0033419999999999978,0.016529000000000002,0.019871,1500000.0
2026-01-05T18:34:17.234223+00:00,LPCN,0.019715999999999997,0.008342,0.028058,90000.0
2026-01-05T18:34:17.234223+00:00,LPSN,0.16992200000000002,-0.066761,0.103161,450000.0
2026-01-05T18:34:17.234223+00:00,LRHC,0.449926,-0.206763,0.243163,55000.0
2026-01-05T18:34:17.234223+00:00,LSTA,0.005528,0.015436,0.020964,200000.0
2026-01-05T18:34:17.234223+00:00,LUCY,1.1249500000000001,-0.5442750000000001,0.580675,350000.0
2026-01-05T18:34:17.234223+00:00,LVLU,0.36151200000000006,-0.162556,0.19895600000000002,55000.0
2026-01-05T18:34:17.234223+00:00,LVO,0.0,0.033176000000000004,0.0032240000000000003,250000.0
2026-01-05T18:34:17.234223+00:00,LXEH,0.410774,-0.187187,0.22358699999999998,100000.0
2026-01-05T18:34:17.234223+00:00,LYEL,0.0,0.032283,0.004117,250000.0
2026-01-05T18:34:17.234223+00:00,LYRA,0.10438,-0.03399,0.07039,55000.0
2026-01-05T18:34:17.234223+00:00,MAAS,0.25336000000000003,-0.10848000000000001,0.14488,15000.0
2026-01-05T18:34:17.234223+00:00,MAGN,0.0,0.032316,0.004084,900000.0
2026-01-05T18:34:17.234223+00:00,MARK,0.326014,-0.14480700000000002,0.181207,900000.0
2026-01-05T18:34:17.234223+00:00,MAXN,0.322638,-0.143119,0.17951899999999998,150000.0
2026-01-05T18:34:17.234223+00:00,MBIO,0.110762,-0.037181,0.07358100000000001,250000.0
2026-01-05T18:34:17.234223+00:00,MBRX,1.6416179999999998,-0.802609,0.8390089999999999,150000.0
2026-01-05T18:34:17.234223+00:00,MCOM,0.20461800000000002,-0.084109,0.120509,2700000.0
2026-01-05T18:34:17.234223+00:00,MCRB,0.26737,-0.115485,0.151885,150000.0
2026-01-05T18:34:17.234223+00:00,MDRR,0.0,0.024639,0.011760999999999999,9000.0
2026-01-05T18:34:17.234223+00:00,MDWD,0.0,0.01886,0.01754,200000.0
2026-01-05T18:34:17.234223+00:00,MEGL,0.22107,-0.092335,0.128735,150000.0
2026-01-05T18:34:17.234223+00:00,MFI,0.138308,-0.050954,0.087354,100000.0
2026-01-05T18:34:17.234223+00:00,MGRX,0.779588,-0.371594,0.40799399999999997,1500000.0
2026-01-05T18:34:17.234223+00:00,MI,0.047853999999999994,-0.0057269999999999995,0.042127,25000.0
2026-01-05T18:34:17.234223+00:00,MIGI,2.370818,-1.167209,1.203609,75000.0
2026-01-05T18:34:17.234223+00:00,MIND,0.056174,-0.009887,0.046287,150000.0
2026-01-05T18:34:17.234223+00:00,MITT,0.0,0.033887,0.002513,450000.0
2026-01-05T18:34:17.234223+00:00,MKTW,0.0,0.021964,0.014436,95000.0
2026-01-05T18:34:17.234223+00:00,MKZR,0.039104,-0.001352,0.037752,90000.0
2026-01-05T18:34:17.234223+00:00,MLGO,0.346498,-0.155049,0.191449,200000.0
2026-01-05T18:34:17.234223+00:00,MNDR,3.1300299999999996,-1.546815,1.5832149999999998,200000.0
2026-01-05T18:34:17.234223+00:00,MNMD,0.0,0.030018,0.006382,1700000.0
2026-01-05T18:34:17.234223+00:00,MNPR,0.010386000000000001,0.013007,0.023393,200000.0
2026-01-05T18:34:17.234223+00:00,MOBQ,0.009176,0.013611999999999999,0.022788,500000.0
2026-01-05T18:34:17.234223+00:00,MOGU,0.610056,-0.286828,0.323228,200000.0
2026-01-05T18:34:17.234223+00:00,MOTS,5.219926000000001,-2.5917630000000003,2.6281630000000002,350000.0
2026-01-05T18:34:17.234223+00:00,MOVE,0.965838,-0.464719,0.501119,100000.0
2026-01-05T18:34:17.234223+00:00,MRAI,0.0,0.019941,0.016458999999999998,200000.0
2026-01-05T18:34:17.234223+00:00,MRKR,0.0,0.021951000000000002,0.014449,650000.0
2026-01-05T18:34:17.234223+00:00,MRSN,0.0,0.027774999999999998,0.008625,5000.0
2026-01-05T18:34:17.234223+00:00,MSGM,4.390878,-2.1772389999999997,2.213639,50000.0
2026-01-05T18:34:17.234223+00:00,MSPR,2.3209560000000002,-1.1422780000000001,1.1786780000000001,450000.0
2026-01-05T18:34:17.234223+00:00,MTC,0.8190040000000001,-0.39130200000000004,0.427702,5000.0
2026-01-05T18:34:17.234223+00:00,MTNB,0.0,0.0339,0.0025,750000.0
2026-01-05T18:34:17.234223+00:00,MTVA,6.265224,-3.1144119999999997,3.150812,10000.0
2026-01-05T18:34:17.234223+00:00,MUX,0.0,0.03181,0.00459,65000.0
2026-01-05T18:34:17.234223+00:00,MYND,0.0,0.020739999999999998,0.01566,400000.0
2026-01-05T18:34:17.234223+00:00,MYNZ,0.211254,-0.08742699999999999,0.12382699999999999,400000.0
2026-01-05T18:34:17.234223+00:00,MYO,0.0,0.027823,0.008577,85000.0
2026-01-05T18:34:17.234223+00:00,MYSE,0.22959400000000002,-0.096597,0.132997,300000.0
2026-01-05T18:34:17.234223+00:00,MYSZ,0.112226,-0.037913,0.074313,100000.0
2026-01-05T18:34:17.234223+00:00,NAN,0.14777400000000002,-0.055687,0.092087,200000.0
2026-01-05T18:34:17.234223+00:00,NAAS,0.5843480000000001,-0.273974,0.31037400000000004,85000.0
2026-01-05T18:34:17.234223+00:00,NAN,0.6092440000000001,-0.286422,0.32282200000000005,100000.0
2026-01-05T18:34:17.234223+00:00,NBY,1.8565779999999998,-0.9100889999999999,0.946489,75000.0
2026-01-05T18:34:17.234223+00:00,NCEL,0.52061,-0.242105,0.278505,65000.0
2026-01-05T18:34:17.234223+00:00,NCI,1.3365779999999998,-0.6500889999999999,0.686489,75000.0
2026-01-05T18:34:17.234223+00:00,NCL,1.7901960000000001,-0.8768980000000001,0.913298,80000.0
2026-01-05T18:34:17.234223+00:00,NCMI,0.0,0.032158,0.004242,200000.0
2026-01-05T18:34:17.234223+00:00,NCNA,0.22854400000000002,-0.096072,0.132472,100000.0
2026-01-05T18:34:17.234223+00:00,NCPL,6.099474000000001,-3.031537,3.067937,100000.0
2026-01-05T18:34:17.234223+00:00,NCSM,0.0,0.02001,0.016390000000000002,60000.0
2026-01-05T18:34:17.234223+00:00,NCTY,0.085508,-0.024554,0.060953999999999994,40000.0
2026-01-05T18:34:17.234223+00:00,NDRA,0.652614,-0.308107,0.34450699999999995,70000.0
2026-01-05T18:34:17.234223+00:00,NEGG,0.627156,-0.29537800000000003,0.33177799999999996,10000.0
2026-01-05T18:34:17.234223+00:00,NERV,0.202378,-0.082989,0.11938900000000001,300000.0
2026-01-05T18:34:17.234223+00:00,NEUP,0.272672,-0.11813599999999999,0.154536,600000.0
2026-01-05T18:34:17.234223+00:00,NEXI,1.302688,-0.633144,0.669544,15000.0
2026-01-05T18:34:17.234223+00:00,NGNE,0.0,0.026269,0.010131,100000.0
2026-01-05T18:34:17.234223+00:00,NISN,0.034848,0.000776,0.035623999999999996,100000.0
2026-01-05T18:34:17.234223+00:00,NITO,0.499348,-0.231474,0.267874,100000.0
2026-01-05T18:34:17.234223+00:00,NIVF,1.149306,-0.556453,0.592853,200000.0
2026-01-05T18:34:17.234223+00:00,NIXX,0.023222,0.006589,0.029811,300000.0
2026-01-05T18:34:17.234223+00:00,NKTR,0.0,0.032278,0.004122,1700000.0
2026-01-05T18:34:17.234223+00:00,NMHI,7.835982,-3.899791,3.936191,150000.0
2026-01-05T18:34:17.234223+00:00,NMRD,2.4695039999999997,-1.2165519999999999,1.2529519999999998,100000.0
2026-01-05T18:34:17.234223+00:00,NOG,0.0,0.032318,0.004082,1700000.0
2026-01-05T18:34:17.234223+00:00,NOTE,0.159068,-0.061334,0.097734,200000.0
2026-01-05T18:34:17.234223+00:00,NRXP,0.057462,-0.010530999999999999,0.046931,150000.0
2026-01-05T18:34:17.234223+00:00,NSPR,0.079404,-0.021502,0.057901999999999995,700000.0
2026-01-05T18:34:17.234223+00:00,NTRP,2.068754,-1.0161769999999999,1.052577,25000.0
2026-01-05T18:34:17.234223+00:00,NUKK,0.337632,-0.150616,0.187016,200000.0
2026-01-05T18:34:17.234223+00:00,NUTX,0.0,0.021213000000000003,0.015186999999999999,450000.0
2026-01-05T18:34:17.234223+00:00,NUWE,0.184048,-0.073824,0.11022399999999999,100000.0
2026-01-05T18:34:17.234223+00:00,NVA,0.119038,-0.041319,0.077719,3700000.0
2026-01-05T18:34:17.234223+00:00,NVNI,0.45252800000000004,-0.208064,0.24446400000000001,70000.0
2026-01-05T18:34:17.234223+00:00,NVNO,0.0,0.024554999999999997,0.011845000000000001,1500000.0
2026-01-05T18:34:17.234223+00:00,NVOS,0.21604800000000002,-0.089824,0.126224,350000.0
2026-01-05T18:34:17.234223+00:00,NWTG,0.17364200000000002,-0.068621,0.105021,100000.0
2026-01-05T18:34:17.234223+00:00,NXTC,0.04042,-0.00201,0.03841,100000.0
2026-01-05T18:34:17.234223+00:00,NXTP,0.0,0.0339,0.0025,200000.0
2026-01-05T18:34:17.234223+00:00,NXTT,1.69489,-0.8292449999999999,0.865645,15000.0
2026-01-05T18:34:17.234223+00:00,NXXT,0.256508,-0.110054,0.146454,450000.0
2026-01-05T18:34:17.234223+00:00,OCG,0.327808,-0.145704,0.182104,2700000.0
2026-01-05T18:34:17.234223+00:00,OESX,0.0,0.021061,0.015339,150000.0
2026-01-05T18:34:17.234223+00:00,OGI,0.0,0.023419,0.012981,1500000.0
2026-01-05T18:34:17.234223+00:00,OKUR,0.024172,0.0061140000000000005,0.030286,550000.0
2026-01-05T18:34:17.234223+00:00,OLB,0.0,0.029057,0.007343,150000.0
2026-01-05T18:34:17.234223+00:00,OM,0.0,0.026699,0.009701,500000.0
2026-01-05T18:34:17.234223+00:00,OMH,0.104694,-0.034147,0.070547,100000.0
2026-01-05T18:34:17.234223+00:00,ONCO,0.5775600000000001,-0.27058,0.30698000000000003,45000.0
2026-01-05T18:34:17.234223+00:00,ONIT,0.0,0.031492,0.004908,300000.0
2026-01-05T18:34:17.234223+00:00,OPAD,0.19725399999999998,-0.080427,0.116827,250000.0
2026-01-05T18:34:17.234223+00:00,OPGN,0.674588,-0.319094,0.355494,9000.0
2026-01-05T18:34:17.234223+00:00,ORBS,2.003516,-0.983558,1.019958,40000.0
2026-01-05T18:34:17.234223+00:00,ORGS,0.035918,0.000241,0.036159,150000.0
2026-01-05T18:34:17.234223+00:00,ORIS,0.291628,-0.127614,0.164014,8000.0
2026-01-05T18:34:17.234223+00:00,ORKA,0.0,0.031006999999999996,0.005393,200000.0
2026-01-05T18:34:17.234223+00:00,ORKT,0.077832,-0.020716000000000002,0.057116,75000.0
2026-01-05T18:34:17.234223+00:00,OST,1.20806,-0.58583,0.62223,50000.0
2026-01-05T18:34:17.234223+00:00,OTLK,0.7434499999999999,-0.353525,0.389925,1000.0
2026-01-05T18:34:17.234223+00:00,OTLY,0.287532,-0.12556599999999998,0.161966,300000.0
2026-01-05T18:34:17.234223+00:00,OUST,0.0,0.03351,0.0028910000000000003,2000000.0
2026-01-05T18:34:17.234223+00:00,OWLT,0.0,0.032959999999999996,0.00344,700000.0
2026-01-05T18:34:17.234223+00:00,PALI,0.037918,-0.0007589999999999999,0.037159,6300000.0
2026-01-05T18:34:17.234223+00:00,PAPL,2.3653619999999997,-1.1644809999999999,1.2008809999999999,2000.0
2026-01-05T18:34:17.234223+00:00,PASG,0.0,0.022576,0.013824000000000001,200000.0
2026-01-05T18:34:17.234223+00:00,PAVM,0.007872,0.014263999999999999,0.022136,500.0
2026-01-05T18:34:17.234223+00:00,PAVS,0.35687,-0.160235,0.196635,20000.0
2026-01-05T18:34:17.234223+00:00,PBLA,3.6408959999999997,-1.8022479999999999,1.838648,100000.0
2026-01-05T18:34:17.234223+00:00,PBM,1.221688,-0.5926440000000001,0.629044,250000.0
2026-01-05T18:34:17.234223+00:00,PC,0.338256,-0.150928,0.18732800000000002,6000.0
2026-01-05T18:34:17.234223+00:00,PCSA,5.5931619999999995,-2.778381,2.814781,80000.0
2026-01-05T18:34:17.234223+00:00,PDYN,0.049409999999999996,-0.0065049999999999995,0.042905,550000.0
2026-01-05T18:34:17.234223+00:00,PETZ,0.0,0.032194,0.004206,150000.0
2026-01-05T18:34:17.234223+00:00,PFX,0.046064,-0.004832,0.041232,20000.0
2026-01-05T18:34:17.234223+00:00,PGY,0.0,0.032375,0.004025,4000000.0
2026-01-05T18:34:17.234223+00:00,PHGE,0.120822,-0.042211,0.078611,150000.0
2026-01-05T18:34:17.234223+00:00,PHIO,0.353886,-0.158743,0.19514299999999998,200000.0
2026-01-05T18:34:17.234223+00:00,PHUN,0.0,0.025266,0.011134,950000.0
2026-01-05T18:34:17.234223+00:00,PIII,0.029656000000000002,0.003372,0.033028,55000.0
2026-01-05T18:34:17.234223+00:00,PLAG,0.44048600000000004,-0.202043,0.23844300000000002,30000.0
2026-01-05T18:34:17.234223+00:00,PLUR,0.0,0.023793,0.012607,80000.0
2026-01-05T18:34:17.234223+00:00,PLX,0.0,0.028995000000000003,0.007405,2600000.0
2026-01-05T18:34:17.234223+00:00,PMAX,3.111554,-1.537577,1.573977,3000.0
2026-01-05T18:34:17.234223+00:00,PMN,0.0008879999999999999,0.017756,0.018644,40000.0
2026-01-05T18:34:17.234223+00:00,POLA,0.053273999999999995,-0.008437,0.044836999999999995,100000.0
2026-01-05T18:34:17.234223+00:00,PPBT,0.478546,-0.221073,0.257473,250000.0
2026-01-05T18:34:17.234223+00:00,PRAX,0.0,0.032319,0.004081,350000.0
2026-01-05T18:34:17.234223+00:00,PRE,0.0,0.021417000000000002,0.014983,800000.0
2026-01-05T18:34:17.234223+00:00,PRFX,0.044230000000000005,-0.003915,0.040315000000000004,250000.0
2026-01-05T18:34:17.234223+00:00,PRPH,0.286038,-0.124819,0.161219,15000.0
2026-01-05T18:34:17.234223+00:00,PRPO,0.061394000000000004,-0.012497000000000001,0.048897,90000.0
2026-01-05T18:34:17.234223+00:00,PRSO,0.300498,-0.132049,0.168449,500000.0
2026-01-05T18:34:17.234223+00:00,PSHG,0.281826,-0.122713,0.159113,250000.0
2026-01-05T18:34:17.234223+00:00,PSIG,0.305172,-0.134386,0.17078600000000002,35000.0
2026-01-05T18:34:17.234223+00:00,PSTV,0.12558,-0.04459,0.08099,1500000.0
2026-01-05T18:34:17.234223+00:00,PT,0.0,0.025283000000000003,0.011118,250000.0
2026-01-05T18:34:17.234223+00:00,PTHS,0.0,0.025156,0.011244,1000.0
2026-01-05T18:34:17.234223+00:00,PTIX,0.773694,-0.368647,0.405047,10000.0
2026-01-05T18:34:17.234223+00:00,PTN,0.24486000000000002,-0.10423,0.14063,60000.0
2026-01-05T18:34:17.234223+00:00,PTPI,0.19558799999999998,-0.079594,0.11599399999999999,1000000.0
2026-01-05T18:34:17.234223+00:00,PULM,0.006926000000000002,0.014737,0.021663,100000.0
2026-01-05T18:34:17.234223+00:00,PURR,1.53999,-0.751795,0.7881950000000001,2600000.0
2026-01-05T18:34:17.234223+00:00,PVLA,0.0,0.019506,0.016894,70000.0
2026-01-05T18:34:17.234223+00:00,PXLW,0.0,0.019957,0.016443,250000.0
2026-01-05T18:34:17.234223+00:00,PXMD,0.09394200000000001,-0.028771,0.065171,200000.0
2026-01-05T18:34:17.234223+00:00,PXS,0.12116,-0.04238,0.07878,1100000.0
2026-01-05T18:34:17.234223+00:00,PYPD,0.33502600000000005,-0.149313,0.18571300000000002,450000.0
2026-01-05T18:34:17.234223+00:00,QCLS,1.035808,-0.499704,0.536104,1000000.0
2026-01-05T18:34:17.234223+00:00,QH,0.394474,-0.179037,0.21543700000000002,300000.0
2026-01-05T18:34:17.234223+00:00,QMCO,0.327238,-0.145419,0.18181899999999998,300000.0
2026-01-05T18:34:17.234223+00:00,QNRX,3.185518,-1.574559,1.610959,25000.0
2026-01-05T18:34:17.234223+00:00,QNTM,0.8907240000000001,-0.427162,0.46356200000000003,75000.0
2026-01-05T18:34:17.234223+00:00,QTTB,0.473584,-0.218592,0.254992,300000.0
2026-01-05T18:34:17.234223+00:00,QUIK,0.02413,0.006135000000000001,0.030265,550000.0
2026-01-05T18:34:17.234223+00:00,QVCGA,0.0,0.023514,0.012886,150000.0
2026-01-05T18:34:17.234223+00:00,RAND,0.0,0.019568000000000002,0.016832,10000.0
2026-01-05T18:34:17.234223+00:00,RAPT,0.0,0.028683999999999998,0.007716,200000.0
2026-01-05T18:34:17.234223+00:00,RAY,0.890818,-0.427209,0.463609,85000.0
2026-01-05T18:34:17.234223+00:00,RAYA,0.077678,-0.020638999999999998,0.057039,10000.0
2026-01-05T18:34:17.234223+00:00,RBNE,0.731098,-0.347349,0.38374899999999995,80000.0
2026-01-05T18:34:17.234223+00:00,RBOT,0.0,0.030480999999999998,0.005919,600000.0
2026-01-05T18:34:17.234223+00:00,RCON,0.069512,-0.016556,0.052956,250000.0
2026-01-05T18:34:17.234223+00:00,RDGT,1.51777,-0.740685,0.777085,700.0
2026-01-05T18:34:17.234223+00:00,RDNW,0.0,0.021879,0.014521,
2026-01-05T18:34:17.234223+00:00,REBN,0.175168,-0.069384,0.105784,50000.0
2026-01-05T18:34:17.234223+00:00,REE,0.007099999999999997,0.014650000000000002,0.02175,1300000.0
2026-01-05T18:34:17.234223+00:00,REED,0.32389999999999997,-0.14375,0.18015,650000.0
2026-01-05T18:34:17.234223+00:00,RELI,0.747476,-0.355538,0.391938,300000.0
2026-01-05T18:34:17.234223+00:00,RENT,0.090964,-0.027282,0.063682,200000.0
2026-01-05T18:34:17.234223+00:00,RETO,1.7019279999999999,-0.832764,0.8691639999999999,20000.0
2026-01-05T18:34:17.234223+00:00,REVB,0.673006,-0.318303,0.354703,800000.0
2026-01-05T18:34:17.234223+00:00,RGS,0.01647,0.009965,0.026435,250000.0
2026-01-05T18:34:17.234223+00:00,RIBT,0.50287,-0.233235,0.269635,30000.0
2026-01-05T18:34:17.234223+00:00,RIGL,0.0,0.032156,0.004244,400000.0
2026-01-05T18:34:17.234223+00:00,RIME,0.434914,-0.199257,0.235657,300000.0
2026-01-05T18:34:17.234223+00:00,RJET,0.001518000000000002,0.017440999999999998,0.018959,50000.0
2026-01-05T18:34:17.234223+00:00,RKDA,1.516404,-0.740002,0.7764019999999999,200000.0
2026-01-05T18:34:17.234223+00:00,RMTI,0.0,0.029164,0.007236,6900000.0
2026-01-05T18:34:17.234223+00:00,RNAC,0.022664,0.006868,0.029532,100000.0
2026-01-05T18:34:17.234223+00:00,RNAZ,0.3762380000000001,-0.16991900000000001,0.20631900000000003,35000.0
2026-01-05T18:34:17.234223+00:00,RNTX,0.0051679999999999955,0.015616000000000001,0.020783999999999997,550000.0
2026-01-05T18:34:17.234223+00:00,ROOT,0.0,0.03339,0.00301,750000.0
2026-01-05T18:34:17.234223+00:00,RPT,0.0,0.032554,0.003846,250000.0
2026-01-05T18:34:17.234223+00:00,RUBI,2.270338,-1.116969,1.153369,100.0
2026-01-05T18:34:17.234223+00:00,RVSN,0.00958,0.01341,0.02299,1100000.0
2026-01-05T18:34:17.234223+00:00,RVYL,0.9233880000000001,-0.44349400000000005,0.47989400000000004,10000.0
2026-01-05T18:34:17.234223+00:00,RYM,0.147952,-0.055776000000000006,0.092176,50000.0
2026-01-05T18:34:17.234223+00:00,SABS,0.9808920000000001,-0.472246,0.508646,400000.0
2026-01-05T18:34:17.234223+00:00,SAIH,0.002758,0.016821,0.019579,350000.0
2026-01-05T18:34:17.234223+00:00,SANW,0.104368,-0.033984,0.070384,70000.0
2026-01-05T18:34:17.234223+00:00,SBDS,0.03461600000000001,0.000892,0.035508000000000005,15000.0
2026-01-05T18:34:17.234223+00:00,SBET,0.0,0.033715999999999996,0.002684,
2026-01-05T18:34:17.234223+00:00,SBEV,1.320304,-0.641952,0.678352,150000.0
2026-01-05T18:34:17.234223+00:00,SBFM,0.47939600000000004,-0.221498,0.257898,250000.0
2026-01-05T18:34:17.234223+00:00,SBLX,0.087906,-0.025752999999999998,0.062153,100000.0
2026-01-05T18:34:17.234223+00:00,SCLX,0.396672,-0.180136,0.216536,550000.0
2026-01-05T18:34:17.234223+00:00,SCNI,0.139874,-0.051737000000000005,0.08813700000000001,250000.0
2026-01-05T18:34:17.234223+00:00,SCNX,0.8258719999999999,-0.394736,0.43113599999999996,800000.0
2026-01-05T18:34:17.234223+00:00,SCOR,0.0,0.031091999999999998,0.005308,150000.0
2026-01-05T18:34:17.234223+00:00,SCPX,0.0,0.0339,0.0025,250000.0
2026-01-05T18:34:17.234223+00:00,SCWO,0.08101,-0.022305000000000002,0.058705,100000.0
2026-01-05T18:34:17.234223+00:00,SCYX,0.0,0.02682,0.00958,300000.0
2026-01-05T18:34:17.234223+00:00,SDST,0.16588999999999998,-0.064745,0.101145,100000.0
2026-01-05T18:34:17.234223+00:00,SEAC,0.286114,-0.124857,0.16125699999999998,8000.0
2026-01-05T18:34:17.234223+00:00,SEAT,0.050788,-0.007194000000000001,0.043594,85000.0
2026-01-05T18:34:17.234223+00:00,SEGG,0.8479859999999999,-0.405793,0.44219299999999995,100000.0
2026-01-05T18:34:17.234223+00:00,SENS,0.0,0.032318,0.004082,200000.0
2026-01-05T18:34:17.234223+00:00,SER,0.13448,-0.04904,0.08544,35000.0
2026-01-05T18:34:17.234223+00:00,SEV,0.17915399999999998,-0.071377,0.107777,65000.0
2026-01-05T18:34:17.234223+00:00,SGBX,2.9603260000000002,-1.4619630000000001,1.498363,40000.0
2026-01-05T18:34:17.234223+00:00,SGLY,0.46295200000000003,-0.213276,0.249676,50000.0
2026-01-05T18:34:17.234223+00:00,SHFS,0.905744,-0.434672,0.471072,400000.0
2026-01-05T18:34:17.234223+00:00,SHIP,0.0,0.022885,0.013515,650000.0
2026-01-05T18:34:17.234223+00:00,SHPH,0.552152,-0.257876,0.29427600000000004,25000.0
2026-01-05T18:34:17.234223+00:00,SIDU,1.6600920000000001,-0.8118460000000001,0.848246,2900000.0
2026-01-05T18:34:17.234223+00:00,SIFY,0.01831,0.009045,0.027355,600000.0
2026-01-05T18:34:17.234223+00:00,SING,0.062872,-0.013236000000000001,0.04963599999999999,2100000.0
2026-01-05T18:34:17.234223+00:00,SINT,0.26518,-0.11439,0.15079,100000.0
2026-01-05T18:34:17.234223+00:00,SISI,0.21897,-0.091285,0.127685,50000.0
2026-01-05T18:34:17.234223+00:00,SKIL,0.0,0.023386,0.013014,10000.0
2026-01-05T18:34:17.234223+00:00,SKLZ,0.0,0.031856,0.004544,200000.0
2026-01-05T18:34:17.234223+00:00,SLAI,0.060454,-0.012027000000000001,0.048427,1300000.0
2026-01-05T18:34:17.234223+00:00,SLDB,0.0,0.033261,0.0031390000000000003,1200000.0
2026-01-05T18:34:17.234223+00:00,SLE,2.1425,-1.05305,1.08945,200000.0
2026-01-05T18:34:17.234223+00:00,SLGL,0.093096,-0.028347999999999998,0.064748,1000.0
2026-01-05T18:34:17.234223+00:00,SLMT,0.230516,-0.097058,0.133458,400000.0
2026-01-05T18:34:17.234223+00:00,SLNH,0.21510400000000002,-0.089352,0.125752,3800000.0
2026-01-05T18:34:17.234223+00:00,SLNO,0.0,0.032216999999999996,0.004183,650000.0
2026-01-05T18:34:17.234223+00:00,SLRX,7.007340000000001,-3.4854700000000003,3.5218700000000003,80000.0
2026-01-05T18:34:17.234223+00:00,SLXN,0.148472,-0.056036,0.092436,85000.0
2026-01-05T18:34:17.234223+00:00,SMFL,0.05497199999999999,-0.009285999999999999,0.045686,100000.0
2026-01-05T18:34:17.234223+00:00,SMSI,5.199999999999996e-05,0.018174,0.018226,650000.0
2026-01-05T18:34:17.234223+00:00,SMX,12.464573999999999,-6.214086999999999,6.250487000000001,20000.0
2026-01-05T18:34:17.234223+00:00,SNAX,0.5539540000000001,-0.25877700000000003,0.295177,150000.0
2026-01-05T18:34:17.234223+00:00,SNCR,0.0,0.031786,0.004614,200000.0
2026-01-05T18:34:17.234223+00:00,SNDA,0.0,0.02766,0.00874,200000.0
2026-01-05T18:34:17.234223+00:00,SNDL,0.0,0.027682000000000002,0.008718,6700000.0
2026-01-05T18:34:17.234223+00:00,SNES,0.0,0.025283000000000003,0.011118,450000.0
2026-01-05T18:34:17.234223+00:00,SNGX,0.23747600000000002,-0.100538,0.136938,150000.0
2026-01-05T18:34:17.234223+00:00,SNOA,0.139294,-0.051447,0.08784700000000001,55000.0
2026-01-05T18:34:17.234223+00:00,SNSE,0.232884,-0.098242,0.134642,45000.0
2026-01-05T18:34:17.234223+00:00,SNTG,1.400086,-0.681843,0.718243,50000.0
2026-01-05T18:34:17.234223+00:00,SNTI,0.321742,-0.142671,0.179071,450000.0
2026-01-05T18:34:17.234223+00:00,SOAR,0.9973620000000001,-0.480481,0.516881,20000.0
2026-01-05T18:34:17.234223+00:00,SOGP,0.774406,-0.369003,0.405403,450000.0
2026-01-05T18:34:17.234223+00:00,SONM,0.362332,-0.16296600000000003,0.199366,200000.0
2026-01-05T18:34:17.234223+00:00,SONX,0.0,0.0339,0.0025,10000.0
2026-01-05T18:34:17.234223+00:00,SOPA,12.688839999999999,-6.326219999999999,6.36262,200000.0
2026-01-05T18:34:17.234223+00:00,SOS,0.07065,-0.017124999999999998,0.053525,350000.0
2026-01-05T18:34:17.234223+00:00,SPCB,0.202336,-0.08296799999999999,0.119368,450000.0
2026-01-05T18:34:17.234223+00:00,SPCE,1.313872,-0.6387360000000001,0.675136,2100000.0
2026-01-05T18:34:17.234223+00:00,SPHL,0.796468,-0.380034,0.41643399999999997,7000.0
2026-01-05T18:34:17.234223+00:00,SPIR,0.0,0.018626,0.017774,600000.0
2026-01-05T18:34:17.234223+00:00,SPPL,0.369906,-0.166753,0.203153,35000.0
2026-01-05T18:34:17.234223+00:00,SPRB,0.7136,-0.3386,0.375,150000.0
2026-01-05T18:34:17.234223+00:00,SPRC,0.933022,-0.448311,0.484711,100000.0
2026-01-05T18:34:17.234223+00:00,SPRU,0.0,0.032048,0.004352,550000.0
2026-01-05T18:34:17.234223+00:00,SQFT,3.050008,-1.5068039999999998,1.543204,15000.0
2026-01-05T18:34:17.234223+00:00,SQNS,0.12602999999999998,-0.044814999999999994,0.081215,650000.0
2026-01-05T18:34:17.234223+00:00,SRFM,0.047866000000000006,-0.005733,0.042133000000000004,1100000.0
2026-01-05T18:34:17.234223+00:00,SRXH,0.744376,-0.353988,0.390388,7300000.0
2026-01-05T18:34:17.234223+00:00,SRZN,0.152688,-0.058144,0.094544,200000.0
2026-01-05T18:34:17.234223+00:00,SSKN,0.225332,-0.094466,0.130866,400000.0
2026-01-05T18:34:17.234223+00:00,SST,0.633128,-0.298364,0.334764,200.0
2026-01-05T18:34:17.234223+00:00,STAI,0.44179999999999997,-0.2027,0.2391,25000.0
2026-01-05T18:34:17.234223+00:00,STEM,0.05317000000000001,-0.008385,0.044785000000000005,400000.0
2026-01-05T18:34:17.234223+00:00,STEX,0.135226,-0.049413,0.085813,350000.0
2026-01-05T18:34:17.234223+00:00,STI,1.67933,-0.821465,0.857865,80000.0
2026-01-05T18:34:17.234223+00:00,STKH,0.846422,-0.405011,0.441411,85000.0
2026-01-05T18:34:17.234223+00:00,STRO,0.0,0.029318,0.007082000000000001,250000.0
2026-01-05T18:34:17.234223+00:00,STRR,0.024572,0.005914,0.030486,600000.0
2026-01-05T18:34:17.234223+00:00,STSS,1.00289,-0.483245,0.519645,200000.0
2026-01-05T18:34:17.234223+00:00,SUNE,0.32288800000000006,-0.143244,0.17964400000000003,100000.0
2026-01-05T18:34:17.234223+00:00,SVRE,1.9020000000000001,-0.9328,0.9692000000000001,20000.0
2026-01-05T18:34:17.234223+00:00,SVRN,0.858674,-0.41113700000000003,0.447537,150000.0
2026-01-05T18:34:17.234223+00:00,SWVL,0.118442,-0.041021,0.077421,550000.0
2026-01-05T18:34:17.234223+00:00,SXTC,0.887016,-0.425308,0.461708,100000.0
2026-01-05T18:34:17.234223+00:00,SXTP,0.12121,-0.042405,0.078805,25000.0
2026-01-05T18:34:17.234223+00:00,SYBX,0.0,0.019978,0.016422000000000003,4700000.0
2026-01-05T18:34:17.234223+00:00,SYRE,0.0,0.030379999999999997,0.00602,450000.0
2026-01-05T18:34:17.234223+00:00,SYRS,0.5366839999999999,-0.250142,0.286542,900000.0
2026-01-05T18:34:17.234223+00:00,TANH,0.066054,-0.014827,0.051227,100000.0
2026-01-05T18:34:17.234223+00:00,TAOP,1.173826,-0.568713,0.605113,80000.0
2026-01-05T18:34:17.234223+00:00,TAOX,0.275108,-0.119354,0.155754,550000.0
2026-01-05T18:34:17.234223+00:00,TBIO,10.341156,-5.152378,5.188778,50000.0
2026-01-05T18:34:17.234223+00:00,TBLT,0.957778,-0.460689,0.497089,35000.0
2026-01-05T18:34:17.234223+00:00,TC,1.5248899999999999,-0.7442449999999999,0.7806449999999999,30000.0
2026-01-05T18:34:17.234223+00:00,TCRT,0.056544,-0.010072000000000001,0.046472,40000.0
2026-01-05T18:34:17.234223+00:00,TECX,0.0,0.025192000000000003,0.011208000000000001,250000.0
2026-01-05T18:34:17.234223+00:00,TENX,1.154718,-0.559159,0.5955590000000001,250000.0
2026-01-05T18:34:17.234223+00:00,TGL,6.029418,-2.9965089999999996,3.032909,100000.0
2026-01-05T18:34:17.234223+00:00,THAR,0.47725000000000006,-0.220425,0.256825,850000.0
2026-01-05T18:34:17.234223+00:00,THCH,0.004561999999999997,0.015919000000000003,0.020481,400000.0
2026-01-05T18:34:17.234223+00:00,THMO,0.0,0.0339,0.0025,55000.0
2026-01-05T18:34:17.234223+00:00,TIL,0.020336,0.008032000000000001,0.028368,65000.0
2026-01-05T18:34:17.234223+00:00,TIRX,0.101988,-0.032794,0.069194,100000.0
2026-01-05T18:34:17.234223+00:00,TISI,0.0,0.032109,0.004291,100000.0
2026-01-05T18:34:17.234223+00:00,TIVC,1.93903,-0.951315,0.987715,150000.0
2026-01-05T18:34:17.234223+00:00,TKLF,0.068842,-0.016221,0.052621,100000.0
2026-01-05T18:34:17.234223+00:00,TLPH,0.06024999999999999,-0.011924999999999998,0.04832499999999999,1600000.0
2026-01-05T18:34:17.234223+00:00,TLRY,0.169522,-0.06656100000000001,0.102961,40000.0
2026-01-05T18:34:17.234223+00:00,TNMG,1.009608,-0.48660400000000004,0.523004,15000.0
2026-01-05T18:34:17.234223+00:00,TNON,0.916568,-0.44008400000000003,0.476484,700000.0
2026-01-05T18:34:17.234223+00:00,TNXP,0.175438,-0.069519,0.10591900000000001,550000.0
2026-01-05T18:34:17.234223+00:00,TONX,0.146628,-0.055114,0.09151400000000001,550000.0
2026-01-05T18:34:17.234223+00:00,TOON,0.0,0.033186,0.0032140000000000003,1000000.0
2026-01-05T18:34:17.234223+00:00,TOPS,0.08421400000000001,-0.023906999999999998,0.060307000000000006,250000.0
2026-01-05T18:34:17.234223+00:00,TOVX,2.027482,-0.995541,1.031941,15000.0
2026-01-05T18:34:17.234223+00:00,TPET,0.566058,-0.264829,0.301229,250000.0
2026-01-05T18:34:17.234223+00:00,TPST,0.09655,-0.030074999999999998,0.066475,100000.0
2026-01-05T18:34:17.234223+00:00,TRAW,0.031201999999999997,0.002599,0.033801,400000.0
2026-01-05T18:34:17.234223+00:00,TRIB,3.0993899999999996,-1.5314949999999998,1.567895,150000.0
2026-01-05T18:34:17.234223+00:00,TRNR,0.30452599999999996,-0.134063,0.17046299999999998,200000.0
2026-01-05T18:34:17.234223+00:00,TRT,0.0,0.026744,0.009656,40000.0
2026-01-05T18:34:17.234223+00:00,TRUG,0.280816,-0.12220800000000001,0.158608,150000.0
2026-01-05T18:34:17.234223+00:00,TRVG,0.053232,-0.008416,0.044816,950000.0
2026-01-05T18:34:17.234223+00:00,TRVN,0.516738,-0.240169,0.276569,100000.0
2026-01-05T18:34:17.234223+00:00,TTOO,0.022150000000000003,0.007125,0.029275000000000002,550000.0
2026-01-05T18:34:17.234223+00:00,TVRD,0.0,0.021705000000000002,0.014695,150000.0
2026-01-05T18:34:17.234223+00:00,TWG,3.306606,-1.635103,1.671503,50000.0
2026-01-05T18:34:17.234223+00:00,TXMD,0.060492,-0.012046,0.048445999999999996,500000.0
2026-01-05T18:34:17.234223+00:00,UAN,0.0,0.031669,0.004731,300000.0
2026-01-05T18:34:17.234223+00:00,UAVS,0.051809999999999995,-0.007705,0.044105,1200000.0
2026-01-05T18:34:17.234223+00:00,UBXG,0.24755600000000003,-0.105578,0.14197800000000002,25000.0
2026-01-05T18:34:17.234223+00:00,UCAR,0.16948799999999997,-0.06654399999999999,0.102944,3000.0
2026-01-05T18:34:17.234223+00:00,UK,0.124784,-0.044192,0.08059200000000001,80000.0
2026-01-05T18:34:17.234223+00:00,ULY,1.727056,-0.845328,0.881728,15000.0
2026-01-05T18:34:17.234223+00:00,UNCY,0.0,0.030861,0.005539,800000.0
2026-01-05T18:34:17.234223+00:00,UOKA,0.325886,-0.14474299999999998,0.181143,25000.0
2026-01-05T18:34:17.234223+00:00,UP,0.031633999999999995,0.002383,0.034017,250000.0
2026-01-05T18:34:17.234223+00:00,UPC,0.099498,-0.031549,0.067949,25000.0
2026-01-05T18:34:17.234223+00:00,UPXI,0.060252,-0.011926,0.048326,1800000.0
2026-01-05T18:34:17.234223+00:00,USAS,0.0,0.021231,0.015168999999999998,1800000.0
2026-01-05T18:34:17.234223+00:00,USBC,1.058202,-0.510901,0.547301,900000.0
2026-01-05T18:34:17.234223+00:00,USEG,0.206028,-0.084814,0.12121399999999999,150000.0
2026-01-05T18:34:17.234223+00:00,UTRS,2.116486,-1.040043,1.076443,10000.0
2026-01-05T18:34:17.234223+00:00,UTSI,0.212944,-0.08827199999999999,0.124672,25000.0
2026-01-05T18:34:17.234223+00:00,UXIN,0.08759800000000001,-0.025598999999999997,0.061999000000000005,550000.0
2026-01-05T18:34:17.234223+00:00,VANI,0.0,0.033284,0.003116,950000.0
2026-01-05T18:34:17.234223+00:00,VATE,0.037174,-0.000387,0.036787,550000.0
2026-01-05T18:34:17.234223+00:00,VCIG,1.8286219999999997,-0.8961109999999999,0.932511,950000.0
2026-01-05T18:34:17.234223+00:00,VCNX,1.165618,-0.564609,0.601009,20000.0
2026-01-05T18:34:17.234223+00:00,VEEE,1.777832,-0.870716,0.907116,100000.0
2026-01-05T18:34:17.234223+00:00,VELO,0.04525800000000001,-0.004429,0.040829000000000004,400000.0
2026-01-05T18:34:17.234223+00:00,VERO,2.82019,-1.391895,1.4282949999999999,25000.0
2026-01-05T18:34:17.234223+00:00,VERU,0.007049999999999997,0.014675,0.021724999999999998,350000.0
2026-01-05T18:34:17.234223+00:00,VHC,0.013061999999999999,0.011669,0.024731,25000.0
2026-01-05T18:34:17.234223+00:00,VIA,0.029598,0.003401,0.032999,200000.0
2026-01-05T18:34:17.234223+00:00,VINC,0.27286200000000005,-0.118231,0.15463100000000002,250000.0
2026-01-05T18:34:17.234223+00:00,VINO,4.744733999999999,-2.354167,2.390567,9000.0
2026-01-05T18:34:17.234223+00:00,VISL,0.028992000000000004,0.0037040000000000003,0.032696,200000.0
2026-01-05T18:34:17.234223+00:00,VIVE,1.44815,-0.705875,0.742275,300000.0
2026-01-05T18:34:17.234223+00:00,VIVS,0.696772,-0.330186,0.366586,150000.0
2026-01-05T18:34:17.234223+00:00,VMAR,2.220632,-1.092116,1.128516,3900000.0
2026-01-05T18:34:17.234223+00:00,VOR,0.081456,-0.022528000000000003,0.058928,800000.0
2026-01-05T18:34:17.234223+00:00,VRCA,0.017594,0.009403,0.026997,350000.0
2026-01-05T18:34:17.234223+00:00,VRDN,0.0,0.032829000000000004,0.0035709999999999995,650000.0
2026-01-05T18:34:17.234223+00:00,VRM,0.119758,-0.041679,0.078079,4000.0
2026-01-05T18:34:17.234223+00:00,VRPX,1.9774919999999998,-0.9705459999999999,1.006946,30000.0
2026-01-05T18:34:17.234223+00:00,VS,0.06732199999999999,-0.015461,0.051861,100000.0
2026-01-05T18:34:17.234223+00:00,VSA,1.019406,-0.491503,0.527903,60000.0
2026-01-05T18:34:17.234223+00:00,VSME,0.064134,-0.013867,0.050267,250000.0
2026-01-05T18:34:17.234223+00:00,VSTD,1.251002,-0.607301,0.643701,10000.0
2026-01-05T18:34:17.234223+00:00,VSTM,0.0,0.033506999999999995,0.002893,850000.0
2026-01-05T18:34:17.234223+00:00,VTAK,1.427386,-0.695493,0.731893,100000.0
2026-01-05T18:34:17.234223+00:00,VTGN,0.0,0.024195,0.012204999999999999,2700000.0
2026-01-05T18:34:17.234223+00:00,VTVT,0.05138000000000001,-0.00749,0.043890000000000005,30000.0
2026-01-05T18:34:17.234223+00:00,VVOS,0.241048,-0.102324,0.13872400000000001,450000.0
2026-01-05T18:34:17.234223+00:00,VVPR,0.04449,-0.004045,0.040445,950000.0
2026-01-05T18:34:17.234223+00:00,VYNE,0.0,0.027542,0.008858,6300000.0
2026-01-05T18:34:17.234223+00:00,WAI,1.720064,-0.841832,0.878232,7000.0
2026-01-05T18:34:17.234223+00:00,WATT,0.117798,-0.040699,0.077099,40000.0
2026-01-05T18:34:17.234223+00:00,WBUY,2.314842,-1.139221,1.175621,95000.0
2026-01-05T18:34:17.234223+00:00,WBX,0.181458,-0.07252900000000001,0.108929,45000.0
2026-01-05T18:34:17.234223+00:00,WGS,0.0,0.03351,0.0028910000000000003,400000.0
2026-01-05T18:34:17.234223+00:00,WHWK,0.0,0.032451,0.003948999999999999,1000000.0
2026-01-05T18:34:17.234223+00:00,WIMI,0.104908,-0.034254,0.07065400000000001,600000.0
2026-01-05T18:34:17.234223+00:00,WINT,2.38343,-1.173515,1.209915,2900000.0
2026-01-05T18:34:17.234223+00:00,WKEY,0.059028,-0.011314,0.047714,150000.0
2026-01-05T18:34:17.234223+00:00,WKHS,1.01065,-0.487125,0.523525,30000.0
2026-01-05T18:34:17.234223+00:00,WKSP,0.209904,-0.086752,0.12315200000000001,1100000.0
2026-01-05T18:34:17.234223+00:00,WLDS,0.19075199999999998,-0.077176,0.113576,800000.0
2026-01-05T18:34:17.234223+00:00,WNW,0.07471599999999999,-0.019157999999999998,0.055557999999999996,35000.0
2026-01-05T18:34:17.234223+00:00,WOK,2.1877560000000003,-1.0756780000000001,1.1120780000000001,150000.0
2026-01-05T18:34:17.234223+00:00,WORX,0.511636,-0.237618,0.27401800000000004,1200000.0
2026-01-05T18:34:17.234223+00:00,WPRT,0.10974800000000001,-0.036674000000000005,0.073074,250000.0
2026-01-05T18:34:17.234223+00:00,WTO,1.157056,-0.560328,0.596728,3000.0
2026-01-05T18:34:17.234223+00:00,WYY,0.045156,-0.004378,0.040778,300000.0
2026-01-05T18:34:17.234223+00:00,XAGE,4.3595939999999995,-2.161597,2.197997,95000.0
2026-01-05T18:34:17.234223+00:00,XAIR,0.14230199999999998,-0.052951,0.089351,650000.0
2026-01-05T18:34:17.234223+00:00,XBIO,0.587764,-0.275682,0.312082,100000.0
2026-01-05T18:34:17.234223+00:00,XBP,0.633544,-0.298572,0.334972,80000.0
2026-01-05T18:34:17.234223+00:00,XCUR,2.581798,-1.272699,1.309099,20000.0
2026-01-05T18:34:17.234223+00:00,XELA,0.466202,-0.214901,0.251301,150000.0
2026-01-05T18:34:17.234223+00:00,XELB,0.578288,-0.270944,0.307344,100000.0
2026-01-05T18:34:17.234223+00:00,XFOR,0.17154,-0.06756999999999999,0.10397,700000.0
2026-01-05T18:34:17.234223+00:00,XHG,4.375368,-2.1694839999999997,2.205884,10000.0
2026-01-05T18:34:17.234223+00:00,XHLD,0.55272,-0.25816,0.29456,10000.0
2026-01-05T18:34:17.234223+00:00,XOS,0.097644,-0.030621999999999996,0.067022,75000.0
2026-01-05T18:34:17.234223+00:00,XPON,0.304414,-0.13400700000000001,0.170407,350000.0
2026-01-05T18:34:17.234223+00:00,XRTX,1.7962060000000002,-0.8799030000000001,0.9163030000000001,100000.0
2026-01-05T18:34:17.234223+00:00,XTIA,0.14381,-0.053704999999999996,0.090105,750000.0
2026-01-05T18:34:17.234223+00:00,XTKG,0.792832,-0.37821599999999994,0.414616,1000.0
2026-01-05T18:34:17.234223+00:00,XWEL,0.0,0.026134,0.010265999999999999,150000.0
2026-01-05T18:34:17.234223+00:00,XWIN,0.627182,-0.295391,0.331791,100000.0
2026-01-05T18:34:17.234223+00:00,XXII,0.459736,-0.211668,0.24806799999999998,75000.0
2026-01-05T18:34:17.234223+00:00,XYF,0.0,0.025391,0.011009,2500000.0
2026-01-05T18:34:17.234223+00:00,YAAS,0.345192,-0.154396,0.190796,70000.0
2026-01-05T18:34:17.234223+00:00,YCBD,3.919198,-1.941399,1.977799,40000.0
2026-01-05T18:34:17.234223+00:00,YDKG,0.416014,-0.18980699999999998,0.226207,30000.0
2026-01-05T18:34:17.234223+00:00,YHC,0.571932,-0.267766,0.304166,350000.0
2026-01-05T18:34:17.234223+00:00,YHGJ,0.506572,-0.23508600000000002,0.271486,25000.0
2026-01-05T18:34:17.234223+00:00,YI,0.088592,-0.026095999999999998,0.062496,750000.0
2026-01-05T18:34:17.234223+00:00,YJ,0.127834,-0.045717,0.08211700000000001,700000.0
2026-01-05T18:34:17.234223+00:00,YQ,0.13267400000000001,-0.048137,0.084537,550000.0
2026-01-05T18:34:17.234223+00:00,YSG,0.0,0.027528,0.008872,650000.0
2026-01-05T18:34:17.234223+00:00,YYAI,0.639856,-0.301728,0.33812800000000004,400.0
2026-01-05T18:34:17.234223+00:00,ZBAI,0.21183399999999997,-0.08771699999999999,0.12411699999999999,30000.0
2026-01-05T18:34:17.234223+00:00,ZCAR,0.405042,-0.18432099999999998,0.220721,150000.0
2026-01-05T18:34:17.234223+00:00,ZCMD,0.069062,-0.016331,0.052731,60000.0
2026-01-05T18:34:17.234223+00:00,ZEPP,0.049938,-0.006769,0.043169000000000006,2600000.0
2026-01-05T18:34:17.234223+00:00,ZIVO,0.487526,-0.225563,0.261963,10000.0
2026-01-05T18:34:17.234223+00:00,ZKIN,0.37706400000000007,-0.170332,0.20673200000000003,350000.0
2026-01-05T18:34:17.234223+00:00,ZNB,0.7118,-0.33770000000000006,0.3741,65000.0
2026-01-05T18:34:17.234223+00:00,ZVRA,0.0,0.031913,0.004487,1200000.0
2026-01-05T18:34:17.234223+00:00,ZVSA,0.37703000000000003,-0.17031500000000002,0.206715,450000.0
