ticker,borrow_annual,entry_date_used,exit_date_used,effective_date,split_multiplier_old_per_new,entry_price_raw,exit_price_raw,entry_dt,exit_dt,eff_dt,split_mult,forced_exit_price_raw,is_forced_exit,ret_short_gross,holding_days
TRT,0.0,2025-12-03,2026-01-02,2026-01-02,1.0,4.215000152587891,6.224999904632568,2025-12-03,2025-12-04,2026-01-02,1.0,1.25,True,-0.4768682513120658,30
RPT,0.0,2025-12-01,2025-12-31,2025-12-31,1.0,15.65999984741211,16.579999923706055,2025-12-01,2025-12-02,2025-12-31,1.0,1.25,True,-0.05874840902032191,30
ILAG,0.037038,2025-12-01,2025-12-30,2025-12-30,1.0,4.75,4.550000190734863,2025-12-01,2025-12-02,2025-12-30,1.0,1.25,True,0.04210522300318668,29
ACET,0.0,2025-12-01,2025-12-30,2025-12-30,1.0,9.760000228881836,7.929999828338623,2025-12-01,2025-12-02,2025-12-30,1.0,1.25,True,0.1875000366421988,29
SCWO,0.077386,2025-11-26,2025-12-26,2025-12-26,1.0,2.9000000953674316,2.359999895095825,2025-11-26,2025-11-28,2025-12-26,1.0,1.25,True,0.18620695948742308,30
ASRT,0.0,2025-11-26,2025-12-26,2025-12-26,1.0,10.800000190734863,9.9399995803833,2025-11-26,2025-11-28,2025-12-26,1.0,1.25,True,0.07962968473735235,30
BNKK,0.08071199999999999,2025-11-11,2025-12-11,2025-12-11,1.0,6.824999809265137,3.2200000286102295,2025-11-11,2025-11-12,2025-12-11,1.0,1.25,True,0.5282051108281373,30
STRO,0.0,2025-11-03,2025-12-03,2025-12-03,1.0,11.0,8.699999809265137,2025-11-03,2025-11-04,2025-12-03,1.0,1.25,True,0.2090909264304421,30
PMN,0.004793999999999996,2025-10-29,2025-11-28,2025-11-28,1.0,10.5,6.760000228881836,2025-10-29,2025-10-30,2025-11-28,1.0,1.25,True,0.3561904543922061,30
RJET,0.0,2025-10-27,2025-11-25,2025-11-25,1.0,21.600000381469727,20.950000762939453,2025-10-27,2025-10-28,2025-11-25,1.0,1.25,True,0.030092574400503117,29
IOTR,0.040916,2025-10-13,2025-11-10,2025-11-10,1.0,3.5299999713897705,3.7300000190734863,2025-10-13,2025-10-14,2025-11-10,1.0,1.25,True,-0.05665723776336895,28
NVA,0.09417199999999999,2025-09-29,2025-10-29,2025-10-29,1.0,3.2820000648498535,6.639999866485596,2025-09-29,2025-09-30,2025-10-29,1.0,1.25,True,-1.0231565311652013,30
LGMK,0.0,2025-09-29,2025-10-28,2025-10-28,1.0,2.25,1.1299999952316284,2025-09-29,2025-09-30,2025-10-28,1.0,1.25,True,0.497777779897054,29
ETHZ,0.099856,2025-09-22,2025-10-20,2025-10-20,1.0,24.0,17.1200008392334,2025-09-22,2025-09-23,2025-10-20,1.0,1.25,True,0.2866666316986084,28
SENS,0.0,2025-09-22,2025-10-20,2025-10-20,1.0,9.180000305175781,8.470000267028809,2025-09-22,2025-09-23,2025-10-20,1.0,1.25,True,0.07734204951460265,28
LPSN,0.107062,2025-09-15,2025-10-13,2025-10-13,1.0,13.199999809265137,5.78000020980835,2025-09-15,2025-09-16,2025-10-13,1.0,1.25,True,0.5621211898994618,28
GGR,0.055704000000000004,2025-09-08,2025-10-06,2025-10-06,1.0,7.019999980926514,6.070000171661377,2025-09-08,2025-09-09,2025-10-06,1.0,1.25,True,0.13532760852511483,28
RAYA,0.07597399999999999,2025-09-02,2025-09-30,2025-09-30,1.0,11.0,4.090000152587891,2025-09-02,2025-09-03,2025-09-30,1.0,1.25,True,0.6281818043101918,28
ORKT,0.078288,2025-09-02,2025-09-29,2025-09-29,1.0,2.7279999256134033,2.3380000591278076,2025-09-02,2025-09-03,2025-09-29,1.0,1.25,True,0.1429618317888709,27
LESL,0.004982,2025-09-02,2025-09-29,2025-09-29,1.0,6.480000019073486,6.659999847412109,2025-09-02,2025-09-03,2025-09-29,1.0,1.25,True,-0.027777751205062422,27
LVO,0.0,2025-08-27,2025-09-26,2025-09-26,1.0,5.900000095367432,4.820000171661377,2025-08-27,2025-08-28,2025-09-26,1.0,1.25,True,0.18305083156762153,30
VOR,0.073402,2025-08-20,2025-09-19,2025-09-19,1.0,44.0,27.239999771118164,2025-08-20,2025-08-21,2025-09-19,1.0,1.25,True,0.3809090961109508,30
ATHA,0.059118000000000004,2025-08-19,2025-09-18,2025-09-18,1.0,3.9800000190734863,3.8299999237060547,2025-08-19,2025-08-20,2025-09-18,1.0,1.25,True,0.03768846599210583,30
BDSX,0.021764,2025-08-18,2025-09-15,2025-09-15,1.0,8.5,7.599999904632568,2025-08-18,2025-08-19,2025-09-15,1.0,1.25,True,0.1058823641608743,28
TIRX,0.010997999999999997,2025-08-06,2025-09-05,2025-09-05,1.0,4.800000190734863,2.490000009536743,2025-08-06,2025-08-07,2025-09-05,1.0,1.25,True,0.4812500186264507,30
ALCE,0.0,2025-08-06,2025-09-05,2025-09-05,1.0,3.4000000953674316,1.2000000476837158,2025-08-06,2025-08-07,2025-09-05,1.0,1.25,True,0.6470588194045229,30
ABTC,0.08038000000000001,2025-08-04,2025-09-03,2025-09-03,1.0,6.050000190734863,8.039999961853027,2025-08-04,2025-08-05,2025-09-03,1.0,1.25,True,-0.3289255716331554,30
EAF,0.0,2025-07-30,2025-08-29,2025-08-29,1.0,14.699999809265137,9.880000114440918,2025-07-30,2025-07-31,2025-08-29,1.0,1.25,True,0.32789113995676805,30
USAS,0.0,2025-07-28,2025-08-26,2025-08-26,1.0,2.375,2.430000066757202,2025-07-28,2025-07-29,2025-08-26,1.0,1.25,True,-0.023157922845137745,29
OESX,0.006138000000000001,2025-07-23,2025-08-22,2025-08-22,1.0,6.099999904632568,6.210000038146973,2025-07-23,2025-07-24,2025-08-22,1.0,1.25,True,-0.018032809054778193,30
VERU,0.007342000000000001,2025-07-14,2025-08-11,2025-08-11,1.0,6.0,3.5899999141693115,2025-07-14,2025-07-15,2025-08-11,1.0,1.25,True,0.40166668097178143,28
HTCO,0.042706,2025-07-09,2025-08-08,2025-08-08,1.0,5.449999809265137,7.210000038146973,2025-07-09,2025-07-10,2025-08-08,1.0,1.25,True,-0.32293583311503815,30
SEAT,0.059525999999999996,2025-07-07,2025-08-06,2025-08-06,1.0,39.400001525878906,25.68000030517578,2025-07-07,2025-07-08,2025-08-06,1.0,1.25,True,0.34822336775016327,30
MKZR,0.044219999999999995,2025-07-07,2025-08-05,2025-08-05,1.0,6.5,4.920000076293945,2025-07-07,2025-07-08,2025-08-05,1.0,1.25,True,0.24307691133939302,29
MRSN,0.0,2025-06-30,2025-07-28,2025-07-28,1.0,7.400000095367432,6.829999923706055,2025-06-30,2025-07-01,2025-07-28,1.0,1.25,True,0.07702704923182502,28
IMA,0.029700000000000004,2025-06-30,2025-07-28,2025-07-28,1.0,16.079999923706055,16.3700008392334,2025-06-30,2025-07-01,2025-07-28,1.0,1.25,True,-0.018034882891996028,28
VRCA,0.017582,2025-06-25,2025-07-25,2025-07-25,1.0,6.0,6.610000133514404,2025-06-25,2025-06-26,2025-07-25,1.0,1.25,True,-0.10166668891906738,30
PASG,0.0,2025-06-16,2025-07-14,2025-07-14,1.0,8.0600004196167,6.789999961853027,2025-06-16,2025-06-17,2025-07-14,1.0,1.25,True,0.15756828680463864,28
NXTC,0.041368,2025-06-16,2025-07-14,2025-07-14,1.0,6.02400016784668,4.900000095367432,2025-06-16,2025-06-17,2025-07-14,1.0,1.25,True,0.1865869922246416,28
PTHS,0.0,2025-06-02,2025-07-02,2025-07-02,1.0,10.199999809265137,16.5,2025-06-02,2025-06-03,2025-07-02,1.0,1.25,True,-0.6176470890727154,30
SBLX,0.08964799999999999,2025-05-27,2025-06-26,2025-06-26,1.0,6.559999942779541,7.639999866485596,2025-05-27,2025-05-28,2025-06-26,1.0,1.25,True,-0.16463413614733163,30
STEM,0.037986000000000006,2025-05-27,2025-06-23,2025-06-23,1.0,9.520000457763672,7.440000057220459,2025-05-27,2025-05-28,2025-06-23,1.0,1.25,True,0.21848742652600905,27
KULR,0.09892,2025-05-27,2025-06-23,2025-06-23,1.0,9.600000381469727,6.690000057220459,2025-05-27,2025-05-28,2025-06-23,1.0,1.25,True,0.3031250217308592,27
UNCY,0.0,2025-05-21,2025-06-20,2025-06-20,1.0,5.699999809265137,6.340000152587891,2025-05-21,2025-05-22,2025-06-20,1.0,1.25,True,-0.11228076574361587,30
FGEN,0.0,2025-05-19,2025-06-17,2025-06-17,1.0,7.849999904632568,5.880000114440918,2025-05-19,2025-05-20,2025-06-17,1.0,1.25,True,0.25095539033434666,29
RAPT,0.0,2025-05-19,2025-06-17,2025-06-17,1.0,7.74399995803833,7.840000152587891,2025-05-19,2025-05-20,2025-06-17,1.0,1.25,True,-0.012396719404667819,29
ARTL,0.089522,2025-05-14,2025-06-13,2025-06-13,1.0,5.96999979019165,7.195000171661377,2025-05-14,2025-05-15,2025-06-13,1.0,1.25,True,-0.2051927009247686,30
EMPD,0.087892,2025-05-13,2025-06-12,2025-06-12,1.0,5.927999973297119,5.702000141143799,2025-05-13,2025-05-14,2025-06-12,1.0,1.25,True,0.03812412840272341,30
INUV,0.0,2025-05-12,2025-06-10,2025-06-10,1.0,4.0,3.5399999618530273,2025-05-12,2025-05-13,2025-06-10,1.0,1.25,True,0.11500000953674316,29
NKTR,0.0,2025-05-12,2025-06-09,2025-06-09,1.0,10.649999618530273,8.789999961853027,2025-05-12,2025-05-13,2025-06-09,1.0,1.25,True,0.17464786134273408,28
BOLT,0.0,2025-05-12,2025-06-09,2025-06-09,1.0,7.400000095367432,6.139999866485596,2025-05-12,2025-05-13,2025-06-09,1.0,1.25,True,0.1702702990058912,28
PXLW,0.0,2025-05-12,2025-06-09,2025-06-09,1.0,6.840000152587891,5.840000152587891,2025-05-12,2025-05-13,2025-06-09,1.0,1.25,True,0.14619882714792826,28
INAB,0.051323999999999995,2025-05-07,2025-06-06,2025-06-06,1.0,4.949999809265137,4.170000076293945,2025-05-07,2025-05-08,2025-06-06,1.0,1.25,True,0.15757570970229753,30
LYEL,0.0,2025-05-05,2025-06-02,2025-06-02,1.0,8.699999809265137,8.220000267028809,2025-05-05,2025-05-06,2025-06-02,1.0,1.25,True,0.05517236238616335,28
ASPS,0.0,2025-04-28,2025-05-28,2025-05-28,1.0,8.0,6.010000228881836,2025-04-28,2025-04-29,2025-05-28,1.0,1.25,True,0.2487499713897705,30
LYRA,0.098136,2025-04-28,2025-05-28,2025-05-28,1.0,5.0,4.389999866485596,2025-04-28,2025-04-29,2025-05-28,1.0,1.25,True,0.12200002670288086,30
KG,0.0,2025-04-28,2025-05-28,2025-05-28,1.0,25.600000381469727,33.0,2025-04-28,2025-04-29,2025-05-28,1.0,1.25,True,-0.2890624807914722,30
QVCGA,0.0,2025-04-23,2025-05-23,2025-05-23,1.0,7.5,3.990000009536743,2025-04-23,2025-04-24,2025-05-23,1.0,1.25,True,0.46799999872843423,30
CVM,0.071234,2025-04-21,2025-05-20,2025-05-20,1.0,7.800000190734863,5.110000133514404,2025-04-21,2025-04-22,2025-05-20,1.0,1.25,True,0.3448717937745365,29
CDIO,0.104694,2025-04-14,2025-05-13,2025-05-13,1.0,11.670000076293945,5.349999904632568,2025-04-14,2025-04-15,2025-05-13,1.0,1.25,True,0.5415595655821475,29
SBET,0.0,2025-04-07,2025-05-06,2025-05-06,1.0,3.359999895095825,3.8399999141693115,2025-04-07,2025-04-08,2025-05-06,1.0,1.25,True,-0.14285715299398752,29
SLGL,0.093096,2025-04-07,2025-05-05,2025-05-05,1.0,4.699999809265137,4.420000076293945,2025-04-07,2025-04-08,2025-05-05,1.0,1.25,True,0.05957441368810831,28
IQST,0.020978,2025-04-02,2025-05-02,2025-05-02,1.0,11.563422203063965,7.276302814483643,2025-04-02,2025-04-03,2025-05-02,1.0,1.25,True,0.37074832288354587,30
JBIO,0.0,2025-03-31,2025-04-29,2025-04-29,1.0,87.8499984741211,10.140000343322754,2025-03-31,2025-04-01,2025-04-29,1.0,1.25,True,0.8845759758742648,29
BMRA,0.034856,2025-03-24,2025-04-21,2025-04-21,1.0,5.679999828338623,3.680000066757202,2025-03-24,2025-03-25,2025-04-21,1.0,1.25,True,0.3521126447228103,28
TVRD,0.0,2025-03-17,2025-04-16,2025-04-16,1.0,15.359999656677246,18.249000549316406,2025-03-17,2025-03-18,2025-04-16,1.0,1.25,True,-0.18808599981857835,30
FRGE,0.0,2025-03-17,2025-04-15,2025-04-15,1.0,8.654999732971191,11.829999923706055,2025-03-17,2025-03-18,2025-04-15,1.0,1.25,True,-0.366840010247454,29
PIII,0.031238000000000002,2025-03-17,2025-04-14,2025-04-14,1.0,8.550000190734863,8.989999771118164,2025-03-17,2025-03-18,2025-04-14,1.0,1.25,True,-0.05146193807809533,28
WIMI,0.080024,2025-03-17,2025-04-14,2025-04-14,1.0,7.829999923706055,4.480000019073486,2025-03-17,2025-03-18,2025-04-14,1.0,1.25,True,0.42784162672724063,28
AMRN,0.0,2025-03-12,2025-04-11,2025-04-11,1.0,8.0,9.300000190734863,2025-03-12,2025-03-13,2025-04-11,1.0,1.25,True,-0.1625000238418579,30
TPST,0.08273,2025-03-10,2025-04-09,2025-04-09,1.0,10.244000434875488,7.150000095367432,2025-03-10,2025-03-11,2025-04-09,1.0,1.25,True,0.30203047717321413,30
FTFT,0.07102000000000001,2025-03-05,2025-04-04,2025-04-04,1.0,2.299999952316284,1.4800000190734863,2025-03-05,2025-03-06,2025-04-04,1.0,1.25,True,0.35652171749699046,30
MKTW,0.0,2025-03-04,2025-04-03,2025-04-03,1.0,16.399999618530273,9.229999542236328,2025-03-04,2025-03-05,2025-04-03,1.0,1.25,True,0.4371951367726009,30
WNW,0.073468,2025-03-03,2025-04-01,2025-04-01,1.0,3.4000000953674316,1.6100000143051147,2025-03-03,2025-03-04,2025-04-01,1.0,1.25,True,0.5264705973100494,29
UPC,0.10109599999999999,2025-02-24,2025-03-24,2025-03-24,1.0,6.400000095367432,4.389999866485596,2025-02-24,2025-02-25,2025-03-24,1.0,1.25,True,0.31406253108289045,28
OM,0.0,2025-02-18,2025-03-20,2025-03-20,1.0,13.619999885559082,11.279999732971191,2025-02-18,2025-02-19,2025-03-20,1.0,1.25,True,0.17180618004769072,30
SAIH,0.0006679999999999985,2025-02-18,2025-03-17,2025-03-17,1.0,11.265000343322754,5.909999847412109,2025-02-18,2025-02-19,2025-03-17,1.0,1.25,True,0.47536620796330303,27
FAMI,0.06847600000000001,2025-02-18,2025-03-17,2025-03-17,1.0,3.119999885559082,1.9500000476837158,2025-02-18,2025-02-19,2025-03-17,1.0,1.25,True,0.374999961791893,27
OMH,0.104694,2025-02-10,2025-03-10,2025-03-10,1.0,0.34200000762939453,2.494999885559082,2025-02-10,2025-03-10,2025-03-10,1.0,1.25,True,-6.295321140059061,28
KPTI,0.0,2025-01-27,2025-02-26,2025-02-26,1.0,10.289999961853027,9.829999923706055,2025-01-27,2025-01-28,2025-02-26,1.0,1.25,True,0.04470359959691736,30
LODE,0.0,2025-01-27,2025-02-25,2025-02-25,1.0,3.5999999046325684,3.049999952316284,2025-01-27,2025-01-28,2025-02-25,1.0,1.25,True,0.15277776857952988,29
FEAM,0.013303999999999998,2025-01-21,2025-02-18,2025-02-18,1.0,12.420000076293945,5.019999980926514,2025-01-21,2025-01-22,2025-02-18,1.0,1.25,True,0.5958132085274147,28
HYFM,0.013654000000000001,2025-01-14,2025-02-13,2025-02-13,1.0,5.690000057220459,6.400000095367432,2025-01-14,2025-01-15,2025-02-13,1.0,1.25,True,-0.12478032179384628,30
TANH,0.056456000000000006,2025-01-14,2025-02-13,2025-02-13,1.0,6.239999771118164,3.8299999237060547,2025-01-14,2025-01-15,2025-02-13,1.0,1.25,True,0.38621793843115065,30
GSAT,0.0,2025-01-13,2025-02-11,2025-02-11,1.0,27.0,24.329999923706055,2025-01-13,2025-01-14,2025-02-11,1.0,1.25,True,0.09888889171459057,29
CRKN,0.029506000000000004,2024-12-31,2025-01-30,2025-01-30,1.0,21.299999237060547,6.630000114440918,2024-12-31,2025-01-02,2025-01-30,1.0,1.25,True,0.6887323778441659,30
INKT,0.047862,2024-12-30,2025-01-28,2025-01-28,1.0,6.300000190734863,5.510000228881836,2024-12-30,2024-12-31,2025-01-28,1.0,1.25,True,0.12539681554531473,29
BNGO,0.08440600000000001,2024-12-30,2025-01-27,2025-01-27,1.0,17.399999618530273,5.820000171661377,2024-12-30,2024-12-31,2025-01-27,1.0,1.25,True,0.665517224180665,28
HAO,0.0,2024-12-30,2025-01-27,2025-01-27,1.0,0.13300000131130219,2.509999990463257,2024-12-30,2025-01-27,2025-01-27,1.0,1.25,True,-17.87218019335433,28
KLRS,0.028759999999999997,2024-12-17,2025-01-16,2025-01-16,1.0,10.51099967956543,9.0,2024-12-17,2024-12-18,2025-01-16,1.0,1.25,True,0.14375413620295163,30
MBIO,0.08360400000000001,2024-12-17,2025-01-16,2025-01-16,1.0,8.850000381469727,5.880000114440918,2024-12-17,2024-12-18,2025-01-16,1.0,1.25,True,0.3355932360463445,30
THCH,0.005915999999999999,2024-12-16,2025-01-13,2025-01-13,1.0,3.140000104904175,3.119999885559082,2024-12-16,2024-12-17,2025-01-13,1.0,1.25,True,0.006369496393919111,28
IDAI,0.06786,2024-12-09,2025-01-06,2025-01-06,1.0,0.5419999957084656,8.260000228881836,2024-12-09,2025-01-06,2025-01-06,1.0,1.25,True,-14.239852941483745,28
COEP,0.078884,2024-12-02,2024-12-31,2024-12-31,1.0,4.059999942779541,5.5,2024-12-02,2024-12-03,2024-12-31,1.0,1.25,True,-0.35467982204812837,29
CVLG,0.0,2024-12-02,2024-12-31,2024-12-31,1.0,29.149999618530273,27.2549991607666,2024-12-02,2024-12-03,2024-12-31,1.0,1.25,True,0.06500859288379011,29
TVRD,0.0,2024-12-02,2024-12-30,2024-12-30,1.0,10.47599983215332,12.779999732971191,2024-12-02,2024-12-03,2024-12-30,1.0,1.25,True,-0.21993126553384915,28
HUIZ,0.022392,2024-11-11,2024-12-09,2024-12-09,1.0,3.950000047683716,6.059999942779541,2024-11-11,2024-11-12,2024-12-09,1.0,1.25,True,-0.5341771821833601,28
FTCI,0.0,2024-11-04,2024-12-02,2024-12-02,1.0,5.559999942779541,3.430000066757202,2024-11-04,2024-11-05,2024-12-02,1.0,1.25,True,0.3830935068243031,28
DBVT,0.033839999999999995,2024-10-30,2024-11-29,2024-11-29,1.0,0.8029999732971191,3.9000000953674316,2024-10-30,2024-11-29,2024-11-29,1.0,1.25,True,-3.8567873288389105,30
GMM,0.098704,2024-10-28,2024-11-26,2024-11-26,1.0,0.4699999988079071,3.5899999141693115,2024-10-28,2024-11-26,2024-11-26,1.0,1.25,True,-6.638297709095473,29
GPUS,0.100218,2024-10-28,2024-11-25,2024-11-25,1.0,7.699999809265137,6.610000133514404,2024-10-28,2024-10-29,2024-11-25,1.0,1.25,True,0.1415584029546565,28
PRFX,0.044230000000000005,2024-10-22,2024-11-21,2024-11-21,1.0,0.8100000023841858,3.200000047683716,2024-10-22,2024-11-20,2024-11-21,1.0,1.25,True,-2.9506173311910002,30
SOS,0.070776,2024-10-21,2024-11-19,2024-11-19,1.0,12.734999656677246,9.130000114440918,2024-10-21,2024-10-22,2024-11-19,1.0,1.25,True,0.28307810282084667,29
POLA,0.053273999999999995,2024-10-21,2024-11-19,2024-11-19,1.0,3.2899999618530273,3.0,2024-10-21,2024-10-22,2024-11-19,1.0,1.25,True,0.08814588608374652,29
LGMK,0.0,2024-10-21,2024-11-19,2024-11-19,1.0,1950.0,1867.5,2024-10-21,2024-10-22,2024-11-19,1.0,1.25,True,0.04230769230769231,29
UPC,0.10109599999999999,2024-10-21,2024-11-18,2024-11-18,1.0,242.39999389648438,86.0,2024-10-21,2024-10-22,2024-11-18,1.0,1.25,True,0.645214512518817,28
TKLF,0.068178,2024-10-16,2024-11-15,2024-11-15,1.0,5.099999904632568,2.6600000858306885,2024-10-16,2024-10-17,2024-11-15,1.0,1.25,True,0.4784313459664017,30
EMPD,0.087892,2024-10-14,2024-11-11,2024-11-11,1.0,51.84000015258789,54.720001220703125,2024-10-14,2024-10-15,2024-11-11,1.0,1.25,True,-0.05555557599610583,28
MAGN,0.0,2024-10-07,2024-11-04,2024-11-04,1.0,22.8799991607666,21.049999237060547,2024-10-07,2024-10-08,2024-11-04,1.0,1.25,True,0.07998251708173314,28
KZR,0.007772000000000001,2024-09-30,2024-10-30,2024-10-30,1.0,7.699999809265137,8.1899995803833,2024-09-30,2024-10-01,2024-10-30,1.0,1.25,True,-0.06363633548777037,30
AHT,0.0,2024-09-30,2024-10-28,2024-10-28,1.0,7.5,6.099999904632568,2024-09-30,2024-10-01,2024-10-28,1.0,1.25,True,0.18666667938232423,28
CTNT,0.012960000000000001,2024-09-24,2024-10-24,2024-10-24,1.0,3.48799991607666,3.0899999141693115,2024-09-24,2024-09-25,2024-10-24,1.0,1.25,True,0.11410550787943347,30
HURA,0.055776,2024-09-18,2024-10-18,2024-10-18,1.0,6.125,6.300000190734863,2024-09-18,2024-09-19,2024-10-18,1.0,1.25,True,-0.028571459711814413,30
SANW,0.10438,2024-09-18,2024-10-18,2024-10-18,1.0,4.940000057220459,3.2200000286102295,2024-09-18,2024-09-19,2024-10-18,1.0,1.25,True,0.34817813941038794,30
SONX,0.0,2024-09-18,2024-10-18,2024-10-18,1.0,7.380000114440918,10.0,2024-09-18,2024-09-19,2024-10-18,1.0,1.25,True,-0.3550135291234428,30
DLPN,0.0,2024-09-16,2024-10-16,2024-10-16,1.0,1.399999976158142,1.4500000476837158,2024-09-16,2024-09-17,2024-10-16,1.0,1.25,True,-0.03571433741219278,30
UAVS,0.047240000000000004,2024-09-16,2024-10-15,2024-10-15,1.0,15.0,2.690000057220459,2024-09-16,2024-09-17,2024-10-15,1.0,1.25,True,0.8206666628519694,29
ALCE,0.0,2024-09-11,2024-10-11,2024-10-11,1.0,950.0,528.0,2024-09-11,2024-09-12,2024-10-11,1.0,1.25,True,0.4442105263157895,30
AZ,0.0,2024-09-09,2024-10-08,2024-10-08,1.0,1.3799999952316284,1.9299999475479126,2024-09-09,2024-09-10,2024-10-08,1.0,1.25,True,-0.3985506914613927,29
OKUR,0.021196,2024-09-09,2024-10-07,2024-10-07,1.0,14.300000190734863,18.649999618530273,2024-09-09,2024-09-10,2024-10-07,1.0,1.25,True,-0.30419576012410304,28
SIFY,0.014317999999999999,2024-09-04,2024-10-04,2024-10-04,1.0,3.9000000953674316,2.2200000286102295,2024-09-04,2024-09-05,2024-10-04,1.0,1.25,True,0.4307692373527811,30
UPXI,0.057294,2024-09-03,2024-10-03,2024-10-03,1.0,4.159999847412109,3.200000047683716,2024-09-03,2024-09-04,2024-10-03,1.0,1.25,True,0.23076919109158117,30
CNET,0.0,2024-09-03,2024-09-30,2024-09-30,1.0,2.119999885559082,4.400000095367432,2024-09-03,2024-09-04,2024-09-30,1.0,1.25,True,-1.0754718551350642,27
ORGS,0.040001999999999996,2024-08-26,2024-09-25,2024-09-25,1.0,7.0,4.489999771118164,2024-08-26,2024-08-27,2024-09-25,1.0,1.25,True,0.3585714612688337,30
CTEV,0.0,2024-08-26,2024-09-23,2024-09-23,1.0,10.520000457763672,8.949999809265137,2024-08-26,2024-08-27,2024-09-23,1.0,1.25,True,0.14923959887662247,28
EVTL,0.0,2024-08-26,2024-09-23,2024-09-23,1.0,9.100000381469727,5.800000190734863,2024-08-26,2024-08-27,2024-09-23,1.0,1.25,True,0.3626373683955698,28
TRAW,0.029249999999999998,2024-08-26,2024-09-23,2024-09-23,1.0,9.25,7.5,2024-08-26,2024-08-27,2024-09-23,1.0,1.25,True,0.1891891891891892,28
ZEPP,0.052082,2024-08-19,2024-09-16,2024-09-16,1.0,3.0360000133514404,3.4100000858306885,2024-08-19,2024-08-20,2024-09-16,1.0,1.25,True,-0.12318842912862486,28
ALLR,0.104382,2024-08-12,2024-09-11,2024-09-11,1.0,4.409999847412109,3.7799999713897705,2024-08-12,2024-08-13,2024-09-11,1.0,1.25,True,0.14285711968721213,30
BKSY,0.0,2024-08-12,2024-09-09,2024-09-09,1.0,8.0,7.050000190734863,2024-08-12,2024-08-13,2024-09-09,1.0,1.25,True,0.11874997615814209,28
PRFX,0.044230000000000005,2024-08-12,2024-09-09,2024-09-09,1.0,1.9019999504089355,1.590000033378601,2024-08-12,2024-08-13,2024-09-09,1.0,1.25,True,0.16403781554423993,28
LITB,0.072218,2024-08-07,2024-09-06,2024-09-06,1.0,2.819999933242798,2.6500000953674316,2024-08-07,2024-08-08,2024-09-06,1.0,1.25,True,0.06028363187933788,30
BIRD,0.006649999999999998,2024-08-06,2024-09-05,2024-09-05,1.0,11.640000343322754,9.6899995803833,2024-08-06,2024-08-07,2024-09-05,1.0,1.25,True,0.16752583379931466,30
ORKA,0.0,2024-08-05,2024-09-03,2024-09-03,1.0,34.79999923706055,25.5,2024-08-05,2024-08-06,2024-09-03,1.0,1.25,True,0.26724136324567604,29
MTNB,0.0,2024-08-05,2024-09-03,2024-09-03,1.0,7.550000190734863,4.0,2024-08-05,2024-08-06,2024-09-03,1.0,1.25,True,0.4701986888810041,29
GLMD,0.06297599999999999,2024-07-31,2024-08-30,2024-08-30,1.0,3.684000015258789,3.380000114440918,2024-07-31,2024-08-01,2024-08-30,1.0,1.25,True,0.08251897382158835,30
FBRX,0.013680000000000001,2024-07-29,2024-08-28,2024-08-28,1.0,13.949999809265137,7.730000019073486,2024-07-29,2024-07-30,2024-08-28,1.0,1.25,True,0.445878127257072,30
AIXI,0.03997,2024-07-24,2024-08-23,2024-08-23,1.0,6.929999828338623,4.309999942779541,2024-07-24,2024-07-25,2024-08-23,1.0,1.25,True,0.378066370917529,30
DNA,0.0,2024-07-22,2024-08-20,2024-08-20,1.0,11.4399995803833,7.710000038146973,2024-07-22,2024-07-23,2024-08-20,1.0,1.25,True,0.3260489229940473,29
CVKD,0.07763199999999999,2024-07-22,2024-08-20,2024-08-20,1.0,6.599999904632568,7.184999942779541,2024-07-22,2024-07-23,2024-08-20,1.0,1.25,True,-0.08863637069696904,29
SRFM,0.047478000000000006,2024-07-22,2024-08-19,2024-08-19,1.0,2.190999984741211,1.9299999475479126,2024-07-22,2024-07-23,2024-08-19,1.0,1.25,True,0.11912370561888719,28
ALGS,0.0,2024-07-22,2024-08-19,2024-08-19,1.0,14.0,14.25,2024-07-22,2024-07-23,2024-08-19,1.0,1.25,True,-0.017857142857142856,28
BETR,0.00196,2024-07-22,2024-08-19,2024-08-19,1.0,26.850000381469727,20.280000686645508,2024-07-22,2024-07-23,2024-08-19,1.0,1.25,True,0.24469272258775987,28
AIFF,0.072298,2024-07-15,2024-08-13,2024-08-13,1.0,5.550000190734863,8.4399995803833,2024-07-15,2024-07-16,2024-08-13,1.0,1.25,True,-0.520720592852048,29
MNPR,0.0012719999999999988,2024-07-15,2024-08-12,2024-08-12,1.0,3.549999952316284,2.3550000190734863,2024-07-15,2024-07-16,2024-08-12,1.0,1.25,True,0.3366197040265003,28
CING,0.08152,2024-07-10,2024-08-09,2024-08-09,1.0,7.776000022888184,2.444999933242798,2024-07-10,2024-07-11,2024-08-09,1.0,1.25,True,0.6855709971648548,30
FOA,0.0,2024-06-25,2024-07-25,2024-07-25,1.0,5.559999942779541,7.460000038146973,2024-06-25,2024-06-26,2024-07-25,1.0,1.25,True,-0.3417266393743142,30
SNES,0.0,2024-06-25,2024-07-25,2024-07-25,1.0,6.349999904632568,4.829999923706055,2024-06-25,2024-06-26,2024-07-25,1.0,1.25,True,0.23937007933143675,30
BURU,0.04099,2024-06-24,2024-07-24,2024-07-24,1.0,1.2000000476837158,1.149999976158142,2024-06-24,2024-07-01,2024-07-24,1.0,1.25,True,0.04166672461562456,30
SCPX,0.0,2024-06-18,2024-07-18,2024-07-18,1.0,8.0,3.200000047683716,2024-06-18,2024-06-20,2024-07-18,1.0,1.25,True,0.5999999940395355,30
TCRT,0.058778,2024-06-18,2024-07-18,2024-07-18,1.0,8.300000190734863,4.28000020980835,2024-06-18,2024-06-20,2024-07-18,1.0,1.25,True,0.4843373359694576,30
CLNN,0.017428,2024-06-11,2024-07-11,2024-07-11,1.0,8.199999809265137,5.079999923706055,2024-06-11,2024-06-12,2024-07-11,1.0,1.25,True,0.38048779977211833,30
AMWL,0.0,2024-06-10,2024-07-10,2024-07-10,1.0,8.199999809265137,6.659999847412109,2024-06-10,2024-06-11,2024-07-10,1.0,1.25,True,0.18780487776511767,30
HOOK,0.0,2024-06-10,2024-07-09,2024-07-09,1.0,7.920000076293945,5.090000152587891,2024-06-10,2024-06-11,2024-07-09,1.0,1.25,True,0.35732321924803745,29
NUTX,0.0,2024-06-03,2024-07-03,2024-07-03,1.0,6.800000190734863,5.389999866485596,2024-06-03,2024-06-04,2024-07-03,1.0,1.25,True,0.20735298304409186,30
MDRR,0.0,2024-06-03,2024-07-03,2024-07-03,1.0,11.779999732971191,13.149999618530273,2024-06-03,2024-06-04,2024-07-03,1.0,1.25,True,-0.1162988044664018,30
DARE,0.022428,2024-06-03,2024-07-01,2024-07-01,1.0,4.920000076293945,3.7899999618530273,2024-06-03,2024-06-04,2024-07-01,1.0,1.25,True,0.22967481644677237,28
RIGL,0.0,2024-05-28,2024-06-27,2024-06-27,1.0,9.300000190734863,9.529999732971191,2024-05-28,2024-05-29,2024-06-27,1.0,1.25,True,-0.02473113306658482,30
CRKN,0.029506000000000004,2024-05-28,2024-06-25,2024-06-25,1.0,2430.0,597.0,2024-05-28,2024-05-29,2024-06-25,1.0,1.25,True,0.754320987654321,28
BGM,0.088062,2024-05-22,2024-06-21,2024-06-21,1.0,2.9000000953674316,3.880000114440918,2024-05-22,2024-05-23,2024-06-21,1.0,1.25,True,-0.33793102994685237,30
TECX,0.0,2024-05-22,2024-06-21,2024-06-21,1.0,16.799999237060547,1.399999976158142,2024-05-22,2024-05-23,2024-06-21,1.0,1.25,True,0.9166666643014029,30
ATRA,0.0,2024-05-21,2024-06-20,2024-06-20,1.0,17.325000762939453,8.899999618530273,2024-05-21,2024-05-22,2024-06-20,1.0,1.25,True,0.48629153093207417,30
VSME,0.06769599999999999,2024-05-20,2024-06-18,2024-06-18,1.0,3.009999990463257,1.4600000381469727,2024-05-20,2024-05-21,2024-06-18,1.0,1.25,True,0.5149501519027347,29
CATX,0.0,2024-05-20,2024-06-17,2024-06-17,1.0,16.299999237060547,10.34000015258789,2024-05-20,2024-05-21,2024-06-17,1.0,1.25,True,0.3656441327261958,28
STRR,0.028018,2024-05-20,2024-06-17,2024-06-17,1.0,16.010000228881836,16.020000457763672,2024-05-20,2024-05-21,2024-06-17,1.0,1.25,True,-0.0006246239062380306,28
RBOT,0.0,2024-05-14,2024-06-13,2024-06-13,1.0,9.899999618530273,9.390000343322754,2024-05-14,2024-05-15,2024-06-13,1.0,1.25,True,0.051515080288784154,30
VELO,0.038252,2024-05-14,2024-06-13,2024-06-13,1.0,121.2750015258789,58.650001525878906,2024-05-14,2024-05-15,2024-06-13,1.0,1.25,True,0.5163883670340457,30
BNED,0.0,2024-05-13,2024-06-12,2024-06-12,1.0,18.5,6.989999771118164,2024-05-13,2024-05-14,2024-06-12,1.0,1.25,True,0.6221621745341533,30
KPRX,0.040737999999999996,2024-05-13,2024-06-11,2024-06-11,1.0,4.590000152587891,4.739999771118164,2024-05-13,2024-05-14,2024-06-11,1.0,1.25,True,-0.032679654366830915,29
DBVT,0.033839999999999995,2024-05-08,2024-06-07,2024-06-07,1.0,1.3880000114440918,1.0099999904632568,2024-05-08,2024-05-09,2024-06-07,1.0,1.25,True,0.27233430681859955,30
EMPD,0.087892,2024-05-08,2024-06-07,2024-06-07,1.0,1766.4000244140625,660.47998046875,2024-05-08,2024-05-09,2024-06-07,1.0,1.25,True,0.6260869727468218,30
BCDA,0.0,2024-04-30,2024-05-30,2024-05-30,1.0,5.849999904632568,5.199999809265137,2024-04-30,2024-05-01,2024-05-30,1.0,1.25,True,0.1111111292245837,30
SCNI,0.055439999999999996,2024-04-22,2024-05-21,2024-05-21,1.0,4.590000152587891,3.7899999618530273,2024-04-22,2024-04-23,2024-05-21,1.0,1.25,True,0.17429197475817396,29
BSFC,0.101508,2024-04-22,2024-05-20,2024-05-20,1.0,3.25,3.25,2024-04-22,2024-04-23,2024-05-20,1.0,1.25,True,0.0,28
BNR,0.03057,2024-04-15,2024-05-15,2024-05-15,1.0,8.0,8.229999542236328,2024-04-15,2024-04-16,2024-05-15,1.0,1.25,True,-0.028749942779541016,30
TIRX,0.010997999999999997,2024-04-15,2024-05-14,2024-05-14,1.0,11.774999618530273,15.949999809265137,2024-04-15,2024-04-16,2024-05-14,1.0,1.25,True,-0.35456478352361737,29
BZFD,0.0,2024-04-08,2024-05-06,2024-05-06,1.0,1.5880000591278076,1.600000023841858,2024-04-08,2024-04-09,2024-05-06,1.0,1.25,True,-0.0075566525612355126,28
OLB,0.0,2024-04-08,2024-05-06,2024-05-06,1.0,5.710000038146973,3.9200000762939453,2024-04-08,2024-04-09,2024-05-06,1.0,1.25,True,0.31348510506033617,28
RCON,0.07164399999999999,2024-04-01,2024-05-01,2024-05-01,1.0,2.5199999809265137,1.7200000286102295,2024-04-01,2024-04-02,2024-05-01,1.0,1.25,True,0.3174603009410154,30
BKKT,0.0,2024-04-01,2024-04-29,2024-04-29,1.0,11.625,9.960000038146973,2024-04-01,2024-04-02,2024-04-29,1.0,1.25,True,0.14322580317015288,28
ATXI,0.07968599999999999,2024-03-27,2024-04-26,2024-04-26,1.0,11.444999694824219,6.199999809265137,2024-03-27,2024-03-28,2024-04-26,1.0,1.25,True,0.45827872655436,30
CDTX,0.0,2024-03-25,2024-04-24,2024-04-24,1.0,14.920000076293945,12.289999961853027,2024-03-25,2024-03-26,2024-04-24,1.0,1.25,True,0.17627346521396245,30
PVLA,0.0,2024-03-25,2024-04-23,2024-04-23,1.0,14.5600004196167,12.0,2024-03-25,2024-03-26,2024-04-23,1.0,1.25,True,0.17582419957678083,29
SMFL,0.05497199999999999,2024-03-25,2024-04-22,2024-04-22,1.0,6.019999027252197,4.349999904632568,2024-03-25,2024-03-26,2024-04-22,1.0,1.25,True,0.27740853695484613,28
GSUN,0.070504,2024-03-20,2024-04-19,2024-04-19,1.0,5.880000114440918,3.7300000190734863,2024-03-20,2024-03-21,2024-04-19,1.0,1.25,True,0.36564626760587365,30
AGEN,0.0,2024-03-13,2024-04-12,2024-04-12,1.0,13.199999809265137,8.149999618530273,2024-03-13,2024-03-14,2024-04-12,1.0,1.25,True,0.3825757775534395,30
FLNT,0.029990000000000003,2024-03-13,2024-04-12,2024-04-12,1.0,2.940000057220459,2.7899999618530273,2024-03-13,2024-03-14,2024-04-12,1.0,1.25,True,0.05102043960816961,30
MI,0.047254,2024-03-13,2024-04-12,2024-04-12,1.0,12.149999618530273,4.949999809265137,2024-03-13,2024-03-14,2024-04-12,1.0,1.25,True,0.5925925954996932,30
SMSI,0.0,2024-03-12,2024-04-11,2024-04-11,1.0,2.880000114440918,2.359999895095825,2024-03-12,2024-03-13,2024-04-11,1.0,1.25,True,0.1805556245424102,30
NUTX,0.0,2024-03-11,2024-04-10,2024-04-10,1.0,15.600000381469727,9.760000228881836,2024-03-11,2024-03-12,2024-04-10,1.0,1.25,True,0.37435897498597914,30
ALLR,0.104382,2024-03-11,2024-04-09,2024-04-09,1.0,241.1999969482422,107.69999694824219,2024-03-11,2024-03-12,2024-04-09,1.0,1.25,True,0.5534825940675573,29
PALI,0.034476,2024-03-11,2024-04-08,2024-04-08,1.0,5.849999904632568,6.03000020980835,2024-03-11,2024-03-12,2024-04-08,1.0,1.25,True,-0.03076928343763569,28
RNAC,0.019072,2024-03-05,2024-04-04,2024-04-04,1.0,20.15999984741211,15.119999885559082,2024-03-05,2024-03-06,2024-04-04,1.0,1.25,True,0.25,30
RENT,0.08976,2024-03-04,2024-04-03,2024-04-03,1.0,7.5,5.880000114440918,2024-03-04,2024-03-05,2024-04-03,1.0,1.25,True,0.21599998474121093,30
NRXP,0.053914,2024-03-04,2024-04-02,2024-04-02,1.0,5.199999809265137,5.0,2024-03-04,2024-03-05,2024-04-02,1.0,1.25,True,0.038461503192516594,29
PLUR,0.0,2024-03-04,2024-04-01,2024-04-01,1.0,6.71999979019165,5.949999809265137,2024-03-04,2024-03-05,2024-04-01,1.0,1.25,True,0.11458333407247825,28
DOYU,0.0,2024-02-27,2024-03-28,2024-03-28,1.0,7.599999904632568,6.590000152587891,2024-02-27,2024-02-28,2024-03-28,1.0,1.25,True,0.13289470588401375,30
CTRM,0.011794,2024-02-26,2024-03-27,2024-03-27,1.0,4.429999828338623,3.569999933242798,2024-02-26,2024-02-27,2024-03-27,1.0,1.25,True,0.19413090935002356,30
INTZ,0.019583999999999997,2024-02-26,2024-03-25,2024-03-25,1.0,3.799999952316284,3.740000009536743,2024-02-26,2024-02-27,2024-03-25,1.0,1.25,True,0.0157894588243266,28
LENZ,0.0,2024-02-21,2024-03-22,2024-03-22,1.0,21.0,16.200000762939453,2024-02-21,2024-02-22,2024-03-22,1.0,1.25,True,0.22857139224097842,30
ATER,0.0015119999999999995,2024-02-21,2024-03-22,2024-03-22,1.0,4.920000076293945,3.3299999237060547,2024-02-21,2024-02-22,2024-03-22,1.0,1.25,True,0.3231707577097395,30
CSPI,0.0,2024-02-20,2024-03-21,2024-03-21,1.0,14.899999618530273,21.209999084472656,2024-02-20,2024-02-21,2024-03-21,1.0,1.25,True,-0.4234899078852995,30
AEVA,0.0,2024-02-20,2024-03-19,2024-03-19,1.0,4.760000228881836,5.199999809265137,2024-02-20,2024-02-21,2024-03-19,1.0,1.25,True,-0.09243688219037342,28
YSG,0.0,2024-02-20,2024-03-18,2024-03-18,1.0,2.7249999046325684,2.2799999713897705,2024-02-20,2024-02-21,2024-03-18,1.0,1.25,True,0.16330273351066427,27
LFWD,0.06607,2024-02-14,2024-03-15,2024-03-15,1.0,6.36299991607666,4.71999979019165,2024-02-14,2024-02-15,2024-03-15,1.0,1.25,True,0.25821155862878925,30
HPCO,0.0,2024-02-12,2024-03-13,2024-03-13,1.0,3.005000114440918,2.5999999046325684,2024-02-12,2024-02-13,2024-03-13,1.0,1.25,True,0.13477543906306977,30
PGY,0.0,2024-02-07,2024-03-08,2024-03-08,1.0,13.199999809265137,18.299999237060547,2024-02-07,2024-02-08,2024-03-08,1.0,1.25,True,-0.38636359859760744,30
CISO,0.094424,2024-02-07,2024-03-08,2024-03-08,1.0,1.409999966621399,1.25,2024-02-07,2024-02-08,2024-03-08,1.0,1.25,True,0.11347515631846872,30
IFBD,0.0037900000000000017,2024-02-05,2024-03-04,2024-03-04,1.0,6.159999847412109,4.78000020980835,2024-02-05,2024-02-06,2024-03-04,1.0,1.25,True,0.2240259207447082,28
ETHZ,0.099856,2024-01-30,2024-02-29,2024-02-29,1.0,38.95000076293945,35.20000076293945,2024-01-30,2024-01-31,2024-02-29,1.0,1.25,True,0.0962772766764125,30
CELU,0.104258,2024-01-30,2024-02-29,2024-02-29,1.0,3.390000104904175,3.5799999237060547,2024-01-30,2024-01-31,2024-02-29,1.0,1.25,True,-0.05604714245495594,30
ZCMD,0.066806,2024-01-30,2024-02-29,2024-02-29,1.0,3.0999999046325684,3.0999999046325684,2024-01-30,2024-01-31,2024-02-29,1.0,1.25,True,0.0,30
PHUN,0.0,2024-01-29,2024-02-27,2024-02-27,1.0,14.600000381469727,8.289999961853027,2024-01-29,2024-01-30,2024-02-27,1.0,1.25,True,0.4321917982704529,29
ACB,0.0018859999999999988,2024-01-22,2024-02-20,2024-02-20,1.0,4.199999809265137,3.4700000286102295,2024-01-22,2024-01-23,2024-02-20,1.0,1.25,True,0.17380947947772252,29
DTIL,0.0,2024-01-16,2024-02-14,2024-02-14,1.0,12.149999618530273,11.989999771118164,2024-01-16,2024-01-17,2024-02-14,1.0,1.25,True,0.013168712134615176,29
ASMB,0.0,2024-01-16,2024-02-12,2024-02-12,1.0,9.600000381469727,12.270000457763672,2024-01-16,2024-01-17,2024-02-12,1.0,1.25,True,-0.27812499689559156,27
UAVS,0.047240000000000004,2024-01-10,2024-02-09,2024-02-09,1.0,100.0,66.0,2024-01-10,2024-01-11,2024-02-09,1.0,1.25,True,0.34,30
ABTC,0.08038000000000001,2024-01-10,2024-02-09,2024-02-09,1.0,34.20000076293945,28.549999237060547,2024-01-10,2024-01-11,2024-02-09,1.0,1.25,True,0.16520471929350022,30
EMPD,0.087892,2024-01-08,2024-02-05,2024-02-05,1.0,28800.0,20608.0,2024-01-08,2024-01-09,2024-02-05,1.0,1.25,True,0.28444444444444444,28
TCRT,0.058778,2024-01-02,2024-01-31,2024-01-31,1.0,13.5,25.5,2024-01-02,2024-01-03,2024-01-31,1.0,1.25,True,-0.8888888888888888,29
INO,0.023646,2023-12-26,2024-01-25,2024-01-25,1.0,6.239999771118164,6.789999961853027,2023-12-26,2023-12-27,2024-01-25,1.0,1.25,True,-0.08814105944050493,30
INSG,0.0,2023-12-26,2024-01-24,2024-01-24,1.0,2.200000047683716,2.440000057220459,2023-12-26,2023-12-27,2024-01-24,1.0,1.25,True,-0.10909091106131052,29
DTSS,0.034974000000000005,2023-12-26,2024-01-23,2024-01-23,1.0,3.0,1.7400000095367432,2023-12-26,2023-12-27,2024-01-23,1.0,1.25,True,0.41999999682108563,28
GPUS,0.100218,2023-12-18,2024-01-17,2024-01-17,1.0,68.359375,30.419921875,2023-12-18,2023-12-19,2024-01-17,1.0,1.25,True,0.555,30
UXIN,0.085196,2023-12-18,2024-01-16,2024-01-16,1.0,6.539999961853027,3.8610000610351562,2023-12-18,2023-12-19,2024-01-16,1.0,1.25,True,0.40963301474680897,29
EFTR,0.0,2023-12-13,2024-01-12,2024-01-12,1.0,9.857500076293945,10.6899995803833,2023-12-13,2023-12-14,2024-01-12,1.0,1.25,True,-0.0844534108694975,30
DSS,0.0040999999999999995,2023-12-06,2024-01-05,2024-01-05,1.0,2.7200000286102295,2.240000009536743,2023-12-06,2023-12-07,2024-01-05,1.0,1.25,True,0.1764705933914052,30
JSPR,0.022384,2023-12-05,2024-01-04,2024-01-04,1.0,5.909999847412109,7.010000228881836,2023-12-05,2023-12-06,2024-01-04,1.0,1.25,True,-0.18612528085790025,30
AVTX,0.012773999999999997,2023-11-29,2023-12-29,2023-12-29,1.0,20.15999984741211,9.100000381469727,2023-11-29,2023-11-30,2023-12-29,1.0,1.25,True,0.5486110887725095,30
VS,0.06732199999999999,2023-11-29,2023-12-29,2023-12-29,1.0,3.4639999866485596,3.0299999713897705,2023-11-29,2023-11-30,2023-12-29,1.0,1.25,True,0.125288688490639,30
LIDR,0.054307999999999995,2023-11-27,2023-12-27,2023-12-27,1.0,4.619999885559082,2.6500000953674316,2023-11-27,2023-11-28,2023-12-27,1.0,1.25,True,0.42640689155628714,30
WNW,0.073468,2023-11-20,2023-12-20,2023-12-20,1.0,60.900001525878906,46.0,2023-11-20,2023-11-21,2023-12-20,1.0,1.25,True,0.24466340151974028,30
SCOR,0.0,2023-11-20,2023-12-20,2023-12-20,1.0,13.0,14.350000381469727,2023-11-20,2023-11-21,2023-12-20,1.0,1.25,True,-0.10384618318997897,30
CGC,0.041918,2023-11-20,2023-12-20,2023-12-20,1.0,5.900000095367432,4.800000190734863,2023-11-20,2023-11-21,2023-12-20,1.0,1.25,True,0.18644065878850874,30
NGNE,0.0,2023-11-20,2023-12-19,2023-12-19,1.0,13.199999809265137,15.100000381469727,2023-11-20,2023-11-21,2023-12-19,1.0,1.25,True,-0.1439394393680954,29
AUVI,0.0,2023-11-13,2023-12-12,2023-12-12,1.0,6.747499942779541,2.059999942779541,2023-11-13,2023-11-14,2023-12-12,1.0,1.25,True,0.69470174727694,29
SNCR,0.0,2023-11-13,2023-12-11,2023-12-11,1.0,3.9600000381469727,3.9700000286102295,2023-11-13,2023-11-14,2023-12-11,1.0,1.25,True,-0.0025252500926581287,28
CENN,0.0,2023-11-08,2023-12-08,2023-12-08,1.0,18.3799991607666,1.350000023841858,2023-11-08,2023-11-09,2023-12-08,1.0,1.25,True,0.9265505938257317,30
TIL,0.027142,2023-11-08,2023-12-08,2023-12-08,1.0,7.5,6.670000076293945,2023-11-08,2023-11-09,2023-12-08,1.0,1.25,True,0.11066665649414062,30
XOS,0.085002,2023-11-07,2023-12-07,2023-12-07,1.0,7.53000020980835,6.590000152587891,2023-11-07,2023-11-08,2023-12-07,1.0,1.25,True,0.12483400146470693,30
HUT,0.0,2023-11-06,2023-12-04,2023-12-04,1.0,11.449999809265137,10.510000228881836,2023-11-06,2023-11-07,2023-12-04,1.0,1.25,True,0.0820960345888102,28
IXHL,0.051115999999999995,2023-10-31,2023-11-30,2023-11-30,1.0,4.199999809265137,7.989999771118164,2023-10-31,2023-11-01,2023-11-30,1.0,1.25,True,-0.902380984278224,30
CING,0.08152,2023-10-31,2023-11-30,2023-11-30,1.0,103.19999694824219,75.23999786376953,2023-10-31,2023-11-01,2023-11-30,1.0,1.25,True,0.27093023169850877,30
RGS,0.022604,2023-10-30,2023-11-29,2023-11-29,1.0,11.0,7.5,2023-10-30,2023-10-31,2023-11-29,1.0,1.25,True,0.3181818181818182,30
PRAX,0.0,2023-10-30,2023-11-29,2023-11-29,1.0,15.225000381469727,17.43000030517578,2023-10-30,2023-10-31,2023-11-29,1.0,1.25,True,-0.1448275775670751,30
BODI,0.0,2023-10-23,2023-11-22,2023-11-22,1.0,11.75,8.300000190734863,2023-10-23,2023-10-24,2023-11-22,1.0,1.25,True,0.2936170050438414,30
VTVT,0.058300000000000005,2023-10-23,2023-11-21,2023-11-21,1.0,17.200000762939453,10.484999656677246,2023-10-23,2023-10-24,2023-11-21,1.0,1.25,True,0.3904070237444934,29
IFBD,0.0037900000000000017,2023-10-23,2023-11-20,2023-11-20,1.0,15.84000015258789,13.199999809265137,2023-10-23,2023-10-24,2023-11-20,1.0,1.25,True,0.16666668673557045,28
TRVG,0.061572,2023-10-18,2023-11-17,2023-11-17,1.0,5.449999809265137,2.809999942779541,2023-10-18,2023-10-19,2023-11-17,1.0,1.25,True,0.4844036621794976,30
AMTD,0.00043199999999999836,2023-10-18,2023-11-17,2023-11-17,1.0,3.569999933242798,1.909999966621399,2023-10-18,2023-10-19,2023-11-17,1.0,1.25,True,0.4649859937430148,30
SNES,0.0,2023-10-18,2023-11-17,2023-11-17,1.0,47.7599983215332,23.399999618530273,2023-10-18,2023-10-19,2023-11-17,1.0,1.25,True,0.5100502420248184,30
HYMC,0.0,2023-10-16,2023-11-15,2023-11-15,1.0,3.009999990463257,2.180000066757202,2023-10-16,2023-10-17,2023-11-15,1.0,1.25,True,0.2757474838324876,30
RVSN,0.006840000000000001,2023-10-16,2023-11-15,2023-11-15,1.0,3.440000057220459,2.0899999141693115,2023-10-16,2023-10-17,2023-11-15,1.0,1.25,True,0.3924418955219308,30
PRE,0.0,2023-10-16,2023-11-13,2023-11-13,1.0,6.630000114440918,5.400000095367432,2023-10-16,2023-10-17,2023-11-13,1.0,1.25,True,0.18552036166551522,28
KRRO,0.0,2023-10-09,2023-11-06,2023-11-06,1.0,15.0,15.479999542236328,2023-10-09,2023-10-10,2023-11-06,1.0,1.25,True,-0.031999969482421876,28
BYFC,0.0,2023-10-02,2023-11-01,2023-11-01,1.0,7.599999904632568,6.570000171661377,2023-10-02,2023-10-03,2023-11-01,1.0,1.25,True,0.13552628235473485,30
GYRE,0.028892,2023-10-02,2023-10-31,2023-10-31,1.0,7.349999904632568,6.730000019073486,2023-10-02,2023-10-03,2023-10-31,1.0,1.25,True,0.08435372702090889,29
PXMD,0.09394200000000001,2023-10-02,2023-10-31,2023-10-31,1.0,5.525000095367432,3.1500000953674316,2023-10-02,2023-10-03,2023-10-31,1.0,1.25,True,0.4298642459737468,29
SMFL,0.05497199999999999,2023-09-27,2023-10-27,2023-10-27,1.0,18.059999465942383,13.229998588562012,2023-09-27,2023-09-28,2023-10-27,1.0,1.25,True,0.2674419169551364,30
VHC,0.010729999999999998,2023-09-26,2023-10-26,2023-10-26,1.0,5.599999904632568,4.25,2023-09-26,2023-09-27,2023-10-26,1.0,1.25,True,0.2410714156469518,30
REE,0.007268,2023-09-18,2023-10-18,2023-10-18,1.0,5.159999847412109,3.4100000858306885,2023-09-18,2023-09-19,2023-10-18,1.0,1.25,True,0.3391472506455784,30
AIFF,0.072298,2023-09-18,2023-10-18,2023-10-18,1.0,8.699999809265137,9.0600004196167,2023-09-18,2023-09-19,2023-10-18,1.0,1.25,True,-0.04137938140736243,30
ISPO,0.050592,2023-09-18,2023-10-17,2023-10-17,1.0,12.539999961853027,4.840000152587891,2023-09-18,2023-09-19,2023-10-17,1.0,1.25,True,0.6140350743770906,29
IMTE,0.04699600000000001,2023-09-18,2023-10-17,2023-10-17,1.0,2.2699999809265137,1.3300000429153442,2023-09-18,2023-09-19,2023-10-17,1.0,1.25,True,0.4140968924711193,29
MIND,0.05949,2023-09-18,2023-10-16,2023-10-16,1.0,5.900000095367432,5.349999904632568,2023-09-18,2023-09-19,2023-10-16,1.0,1.25,True,0.09322036980418238,28
EMPD,0.087892,2023-09-18,2023-10-16,2023-10-16,1.0,663840.0,587520.0,2023-09-18,2023-09-19,2023-10-16,1.0,1.25,True,0.11496746203904555,28
TTOO,0.019034000000000002,2023-09-13,2023-10-13,2023-10-13,1.0,27.5,8.199999809265137,2023-09-13,2023-09-14,2023-10-13,1.0,1.25,True,0.701818188753995,30
SPRU,0.0,2023-09-11,2023-10-09,2023-10-09,1.0,6.320000171661377,4.300000190734863,2023-09-11,2023-09-12,2023-10-09,1.0,1.25,True,0.31962024146519985,28
VVPR,0.039812,2023-09-06,2023-10-06,2023-10-06,1.0,4.300000190734863,1.6799999475479126,2023-09-06,2023-09-07,2023-10-06,1.0,1.25,True,0.6093023551097091,30
SKIL,0.004195999999999995,2023-09-05,2023-10-02,2023-10-02,1.0,26.399999618530273,16.8799991607666,2023-09-05,2023-09-06,2023-10-02,1.0,1.25,True,0.36060608315621123,27
NCTY,0.08599599999999999,2023-09-05,2023-10-02,2023-10-02,1.0,7.599999904632568,4.820000171661377,2023-09-05,2023-09-06,2023-10-02,1.0,1.25,True,0.36578944313889356,27
TOPS,0.064276,2023-08-30,2023-09-29,2023-09-29,1.0,9.0,7.139999866485596,2023-08-30,2023-08-31,2023-09-29,1.0,1.25,True,0.20666668150160047,30
CRIS,0.0,2023-08-30,2023-09-29,2023-09-29,1.0,11.600000381469727,6.590000152587891,2023-08-30,2023-08-31,2023-09-29,1.0,1.25,True,0.43189655725227366,30
XWEL,0.0,2023-08-29,2023-09-28,2023-09-28,1.0,3.799999952316284,2.1700000762939453,2023-08-29,2023-08-30,2023-09-28,1.0,1.25,True,0.4289473411779321,30
SYBX,0.0746,2023-08-29,2023-09-28,2023-09-28,1.0,7.53000020980835,3.1600000858306885,2023-08-29,2023-08-30,2023-09-28,1.0,1.25,True,0.5803452858189077,30
FTK,0.0,2023-08-28,2023-09-26,2023-09-26,1.0,4.980000019073486,4.340000152587891,2023-08-28,2023-08-29,2023-09-26,1.0,1.25,True,0.1285140289225673,29
NGNE,0.0,2023-08-28,2023-09-25,2023-09-25,1.0,13.779999732971191,15.0,2023-08-28,2023-08-29,2023-09-25,1.0,1.25,True,-0.0885341284956438,28
FAMI,0.06847600000000001,2023-08-28,2023-09-25,2023-09-25,1.0,32.63999938964844,18.600000381469727,2023-08-28,2023-08-29,2023-09-25,1.0,1.25,True,0.4301470364803807,28
PRPO,0.049021999999999996,2023-08-23,2023-09-22,2023-09-22,1.0,7.960000038146973,5.599999904632568,2023-08-23,2023-08-24,2023-09-22,1.0,1.25,True,0.29648242741262526,30
SBLX,0.08964799999999999,2023-08-21,2023-09-18,2023-09-18,1.0,84.4800033569336,46.880001068115234,2023-08-21,2023-08-22,2023-09-18,1.0,1.25,True,0.44507576698305595,28
DNTH,0.0,2023-08-14,2023-09-12,2023-09-12,1.0,12.640000343322754,11.0,2023-08-14,2023-08-15,2023-09-12,1.0,1.25,True,0.12974685908051464,29
AMPE,0.003654000000000001,2023-08-14,2023-09-12,2023-09-12,1.0,4.179999828338623,4.170000076293945,2023-08-14,2023-08-15,2023-09-12,1.0,1.25,True,0.0023922852763973014,29
SYRE,0.0,2023-08-09,2023-09-08,2023-09-08,1.0,12.399999618530273,14.0,2023-08-09,2023-08-10,2023-09-08,1.0,1.25,True,-0.12903229279771292,30
GROM,0.073068,2023-08-08,2023-09-07,2023-09-07,1.0,6.840000152587891,4.050000190734863,2023-08-08,2023-08-09,2023-09-07,1.0,1.25,True,0.4078947221656772,30
SPIR,0.0,2023-08-01,2023-08-31,2023-08-31,1.0,5.519999980926514,5.260000228881836,2023-08-01,2023-08-02,2023-08-31,1.0,1.25,True,0.04710140451867133,30
NIXX,0.027318,2023-07-26,2023-08-25,2023-08-25,1.0,3.0824999809265137,1.840000033378601,2023-07-26,2023-07-27,2023-08-25,1.0,1.25,True,0.4030818995088693,30
AMC,0.0,2023-07-25,2023-08-24,2023-08-24,1.0,51.20000076293945,14.369999885559082,2023-07-25,2023-07-26,2023-08-24,1.0,1.25,True,0.7193359439173945,30
BTCT,0.091938,2023-07-25,2023-08-24,2023-08-24,1.0,4.0,2.4200000762939453,2023-07-25,2023-07-26,2023-08-24,1.0,1.25,True,0.39499998092651367,30
CRKN,0.029506000000000004,2023-07-17,2023-08-15,2023-08-15,1.0,118800.0,48960.0,2023-07-17,2023-07-18,2023-08-15,1.0,1.25,True,0.5878787878787879,29
ADIL,0.050567999999999995,2023-07-10,2023-08-07,2023-08-07,1.0,5.0,6.21999979019165,2023-07-10,2023-07-11,2023-08-07,1.0,1.25,True,-0.24399995803833008,28
MOBQ,0.014183999999999999,2023-07-10,2023-08-07,2023-08-07,1.0,1.7999999523162842,1.25,2023-07-10,2023-07-11,2023-08-07,1.0,1.25,True,0.30555553715905975,28
BNGO,0.08440600000000001,2023-07-10,2023-08-07,2023-08-07,1.0,378.0,280.20001220703125,2023-07-10,2023-07-11,2023-08-07,1.0,1.25,True,0.2587301264364253,28
NCMI,0.0,2023-07-05,2023-08-04,2023-08-04,1.0,3.299999952316284,3.180000066757202,2023-07-05,2023-07-06,2023-08-04,1.0,1.25,True,0.03636360221001021,30
SMFL,0.05497199999999999,2023-07-03,2023-08-02,2023-08-02,1.0,50.355899810791016,43.88999938964844,2023-07-03,2023-07-05,2023-08-02,1.0,1.25,True,0.1284040290301191,30
UPC,0.10109599999999999,2023-06-28,2023-07-28,2023-07-28,1.0,1422.0,1302.0,2023-06-28,2023-06-29,2023-07-28,1.0,1.25,True,0.08438818565400844,30
BNTC,0.0,2023-06-26,2023-07-26,2023-07-26,1.0,6.119999885559082,3.5299999713897705,2023-06-26,2023-06-27,2023-07-26,1.0,1.25,True,0.4232026082681383,30
IMDX,0.0,2023-06-26,2023-07-25,2023-07-25,1.0,4.21999979019165,4.119999885559082,2023-06-26,2023-06-27,2023-07-25,1.0,1.25,True,0.02369666104367908,29
DRUG,0.078974,2023-06-13,2023-07-13,2023-07-13,1.0,2.799999952316284,2.9549999237060547,2023-06-13,2023-06-14,2023-07-13,1.0,1.25,True,-0.05535713358193012,30
OWLT,0.0,2023-06-12,2023-07-10,2023-07-10,1.0,2.9539999961853027,4.690000057220459,2023-06-12,2023-06-13,2023-07-10,1.0,1.25,True,-0.5876777465392583,28
GRCE,0.0,2023-06-12,2023-07-10,2023-07-10,1.0,2.940000057220459,2.819999933242798,2023-06-12,2023-06-13,2023-07-10,1.0,1.25,True,0.04081636790548634,28
PDYN,0.05062199999999999,2023-06-06,2023-07-06,2023-07-06,1.0,2.1419999599456787,1.600000023841858,2023-06-06,2023-06-07,2023-07-06,1.0,1.25,True,0.25303452205366334,30
BFRI,0.026047999999999998,2023-06-05,2023-07-05,2023-07-05,1.0,9.300000190734863,9.460000038146973,2023-06-05,2023-06-06,2023-07-05,1.0,1.25,True,-0.01720428431512393,30
OGI,0.0,2023-06-05,2023-07-05,2023-07-05,1.0,1.600000023841858,1.628000020980835,2023-06-05,2023-06-06,2023-07-05,1.0,1.25,True,-0.017499997951090366,30
WKEY,0.062144000000000005,2023-06-05,2023-07-05,2023-07-05,1.0,4.875,4.380000114440918,2023-06-05,2023-06-06,2023-07-05,1.0,1.25,True,0.10153843806340145,30
PRFX,0.044230000000000005,2023-06-05,2023-07-03,2023-07-03,1.0,30.0,38.63999938964844,2023-06-05,2023-06-06,2023-07-03,1.0,1.25,True,-0.2879999796549479,28
BTCY,0.08743,2023-06-05,2023-07-03,2023-07-03,1.0,4.079998970031738,3.2699999809265137,2023-06-05,2023-06-06,2023-07-03,1.0,1.25,True,0.19852921411372895,28
IKT,0.0,2023-05-31,2023-06-30,2023-06-30,1.0,4.127999782562256,3.609999895095825,2023-05-31,2023-06-01,2023-06-30,1.0,1.25,True,0.12548447547274513,30
ANY,0.0,2023-05-30,2023-06-29,2023-06-29,1.0,2.2049999237060547,2.0,2023-05-30,2023-05-31,2023-06-29,1.0,1.25,True,0.09297049015834022,30
MRAI,0.0,2023-05-30,2023-06-29,2023-06-29,1.0,2.9159998893737793,2.0799999237060547,2023-05-30,2023-05-31,2023-06-29,1.0,1.25,True,0.28669410061166306,30
ALLR,0.104382,2023-05-30,2023-06-29,2023-06-29,1.0,6240.0,4392.0,2023-05-30,2023-05-31,2023-06-29,1.0,1.25,True,0.29615384615384616,30
SKLZ,0.0,2023-05-30,2023-06-26,2023-06-26,1.0,9.699999809265137,8.40999984741211,2023-05-30,2023-05-31,2023-06-26,1.0,1.25,True,0.13298968940399974,27
BSFC,0.101508,2023-05-22,2023-06-21,2023-06-21,1.0,107.0,66.5,2023-05-22,2023-05-23,2023-06-21,1.0,1.25,True,0.37850467289719625,30
EFOI,0.0,2023-05-22,2023-06-20,2023-06-20,1.0,3.2200000286102295,1.9600000381469727,2023-05-22,2023-05-23,2023-06-20,1.0,1.25,True,0.39130434138756204,29
IZEA,0.011817999999999997,2023-05-17,2023-06-16,2023-06-16,1.0,2.687999963760376,3.0,2023-05-17,2023-05-18,2023-06-16,1.0,1.25,True,-0.11607144361830711,30
CELZ,0.016552000000000004,2023-05-15,2023-06-12,2023-06-12,1.0,6.599999904632568,4.420000076293945,2023-05-15,2023-05-16,2023-06-12,1.0,1.25,True,0.3303030090664807,28
AUMN,0.013328000000000001,2023-05-10,2023-06-09,2023-06-09,1.0,5.25,2.390000104904175,2023-05-10,2023-05-11,2023-06-09,1.0,1.25,True,0.5447618847801572,30
CNVS,0.0,2023-05-10,2023-06-09,2023-06-09,1.0,6.199999809265137,4.039999961853027,2023-05-10,2023-05-11,2023-06-09,1.0,1.25,True,0.34838708288091486,30
UP,0.031953999999999996,2023-05-09,2023-06-08,2023-06-08,1.0,3.9100000858306885,3.0,2023-05-09,2023-05-10,2023-06-08,1.0,1.25,True,0.2327365897326718,30
VTGN,0.0,2023-05-08,2023-06-07,2023-06-07,1.0,3.9000000953674316,2.7100000381469727,2023-05-08,2023-05-09,2023-06-07,1.0,1.25,True,0.30512821233876025,30
WPRT,0.098526,2023-05-08,2023-06-06,2023-06-06,1.0,7.800000190734863,7.28000020980835,2023-05-08,2023-05-09,2023-06-06,1.0,1.25,True,0.0666666625911355,29
GROV,0.045444,2023-05-08,2023-06-05,2023-06-05,1.0,2.4049999713897705,2.0999999046325684,2023-05-08,2023-05-09,2023-06-05,1.0,1.25,True,0.12681915608545835,28
ELTX,0.024546,2023-05-03,2023-06-02,2023-06-02,1.0,6.78000020980835,18.145000457763672,2023-05-03,2023-05-04,2023-06-02,1.0,1.25,True,-1.6762536720152368,30
VSTM,0.0,2023-05-02,2023-06-01,2023-06-01,1.0,5.28000020980835,12.0600004196167,2023-05-02,2023-05-03,2023-06-01,1.0,1.25,True,-1.284090897802151,30
CBUS,0.016638,2023-05-02,2023-06-01,2023-06-01,1.0,15.800000190734863,26.049999237060547,2023-05-02,2023-05-03,2023-06-01,1.0,1.25,True,-0.6487341090246501,30
AUVI,0.0,2023-05-01,2023-05-31,2023-05-31,1.0,70.6624984741211,48.25,2023-05-01,2023-05-02,2023-05-31,1.0,1.25,True,0.31717670558067346,30
BTOG,0.061228000000000005,2023-05-01,2023-05-30,2023-05-30,1.0,4.829999923706055,2.0999999046325684,2023-05-01,2023-05-02,2023-05-30,1.0,1.25,True,0.565217404181398,29
ITRG,0.0,2023-04-26,2023-05-26,2023-05-26,1.0,0.550000011920929,1.149999976158142,2023-04-26,2023-05-26,2023-05-26,1.0,,False,-1.0909090022410262,30
LIQT,0.0,2023-04-26,2023-05-26,2023-05-26,1.0,3.119999885559082,3.3499999046325684,2023-04-26,2023-04-27,2023-05-26,1.0,1.25,True,-0.07371795753520419,30
NISN,0.031776,2023-04-18,2023-05-18,2023-05-18,1.0,5.139999866485596,4.4079999923706055,2023-04-18,2023-04-19,2023-05-18,1.0,1.25,True,0.14241243056986402,30
GPUS,0.100218,2023-04-18,2023-05-18,2023-05-18,1.0,19736.828125,9509.5625,2023-04-18,2023-04-19,2023-05-18,1.0,1.25,True,0.518181825378793,30
GREE,0.0030980000000000035,2023-04-17,2023-05-16,2023-05-16,1.0,6.599999904632568,3.859999895095825,2023-04-17,2023-04-18,2023-05-16,1.0,1.25,True,0.4151515225952542,29
GLMD,0.06297599999999999,2023-04-17,2023-05-15,2023-05-15,1.0,57.060001373291016,49.91999816894531,2023-04-17,2023-04-18,2023-05-15,1.0,1.25,True,0.12513149373473093,28
IFBD,0.0037900000000000017,2023-04-17,2023-05-15,2023-05-15,1.0,464.0,204.8000030517578,2023-04-17,2023-04-18,2023-05-15,1.0,1.25,True,0.5586206830781082,28
ALPP,0.058915999999999996,2023-04-17,2023-05-15,2023-05-15,1.0,4.191999912261963,2.0,2023-04-17,2023-04-18,2023-05-15,1.0,1.25,True,0.5229007533731509,28
LPCN,0.019872,2023-04-12,2023-05-12,2023-05-12,1.0,5.202000141143799,4.309999942779541,2023-04-12,2023-04-13,2023-05-12,1.0,1.25,True,0.17147254405266657,30
GTE,0.0,2023-04-05,2023-05-05,2023-05-05,1.0,9.199999809265137,6.230000019073486,2023-04-05,2023-04-06,2023-05-05,1.0,1.25,True,0.3228260708441127,30
MDRR,0.0,2023-04-04,2023-05-04,2023-05-04,1.0,13.119999885559082,11.399999618530273,2023-04-04,2023-04-05,2023-05-04,1.0,1.25,True,0.13109758247193112,30
WGS,0.0,2023-04-04,2023-05-04,2023-05-04,1.0,10.890000343322754,7.760000228881836,2023-04-04,2023-04-05,2023-05-04,1.0,1.25,True,0.28741965250350887,30
VISL,0.028992000000000004,2023-04-03,2023-05-01,2023-05-01,1.0,7.0,4.03000020980835,2023-04-03,2023-04-04,2023-05-01,1.0,1.25,True,0.42428568431309294,28
IMPP,0.037998000000000004,2023-03-29,2023-04-28,2023-04-28,1.0,2.9100000858306885,2.6500000953674316,2023-03-29,2023-03-30,2023-04-28,1.0,1.25,True,0.08934707312527011,30
SBET,0.0,2023-03-27,2023-04-26,2023-04-26,1.0,42.0,30.239999771118164,2023-03-27,2023-03-28,2023-04-26,1.0,1.25,True,0.28000000544956755,30
CBUS,0.016638,2023-03-27,2023-04-25,2023-04-25,1.0,17.0,14.914999961853027,2023-03-27,2023-03-28,2023-04-25,1.0,1.25,True,0.12264706106746898,29
BKTI,0.0,2023-03-27,2023-04-24,2023-04-24,1.0,15.899999618530273,13.479999542236328,2023-03-27,2023-03-28,2023-04-24,1.0,1.25,True,0.15220126631157993,28
LGMK,0.0,2023-03-27,2023-04-24,2023-04-24,1.0,57000.0,43500.0,2023-03-27,2023-03-28,2023-04-24,1.0,1.25,True,0.23684210526315788,28
SMFL,0.05497199999999999,2023-03-27,2023-04-24,2023-04-24,1.0,472.5000305175781,280.3500061035156,2023-03-27,2023-03-28,2023-04-24,1.0,1.25,True,0.4066666920710687,28
OUST,0.0,2023-03-22,2023-04-21,2023-04-21,1.0,8.699999809265137,3.7200000286102295,2023-03-22,2023-03-23,2023-04-21,1.0,1.25,True,0.5724137804407093,30
LOGC,0.0,2023-03-13,2023-04-12,2023-04-12,1.0,12.600000381469727,7.949999809265137,2023-03-13,2023-03-14,2023-04-12,1.0,1.25,True,0.36904765328762557,30
GAME,0.0,2023-03-13,2023-04-11,2023-04-11,1.0,5.519999980926514,6.21999979019165,2023-03-13,2023-03-14,2023-04-11,1.0,1.25,True,-0.12681156008765856,29
MBIO,0.08360400000000001,2023-03-06,2023-04-04,2023-04-04,1.0,380.25,224.5,2023-03-06,2023-03-07,2023-04-04,1.0,1.25,True,0.4095989480604865,29
ALLR,0.104382,2023-02-27,2023-03-27,2023-03-27,1.0,152880.0,61680.0,2023-02-27,2023-02-28,2023-03-27,1.0,1.25,True,0.5965463108320251,28
CREX,0.0,2023-02-27,2023-03-27,2023-03-27,1.0,2.190000057220459,2.009999990463257,2023-02-27,2023-02-28,2023-03-27,1.0,1.25,True,0.0821918091571457,28
IDAI,0.06786,2023-02-21,2023-03-23,2023-03-23,1.0,3.200000047683716,2.5999999046325684,2023-02-21,2023-02-22,2023-03-23,1.0,1.25,True,0.18750004190951525,30
SHIP,0.0,2023-01-17,2023-02-16,2023-02-16,1.0,6.0,5.349999904632568,2023-01-17,2023-01-18,2023-02-16,1.0,1.25,True,0.10833334922790527,30
ECOR,0.0,2023-01-17,2023-02-15,2023-02-15,1.0,5.670000076293945,4.0,2023-01-17,2023-01-18,2023-02-15,1.0,1.25,True,0.29453263735853413,29
CRBP,0.0,2023-01-17,2023-02-14,2023-02-14,1.0,4.409999847412109,3.2799999713897705,2023-01-17,2023-01-18,2023-02-14,1.0,1.25,True,0.2562358084174196,28
APRE,0.013101999999999999,2023-01-17,2023-02-13,2023-02-13,1.0,11.140000343322754,0.4740000069141388,2023-01-17,2023-01-18,2023-02-13,1.0,1.25,True,0.9574506290569146,27
TOON,0.0,2023-01-17,2023-02-13,2023-02-13,1.0,6.570000171661377,3.5999999046325684,2023-01-17,2023-01-18,2023-02-13,1.0,1.25,True,0.4520548233528851,27
VYNE,0.0,2023-01-17,2023-02-13,2023-02-13,1.0,4.769999980926514,3.869999885559082,2023-01-17,2023-01-18,2023-02-13,1.0,1.25,True,0.18867926603065052,27
GFAI,0.012681000000000001,2023-01-11,2023-02-10,2023-02-10,1.0,6.360000133514404,18.899999618530273,2023-01-11,2023-01-12,2023-02-10,1.0,1.25,True,-1.9716979908436771,30
DYNT,0.029252,2023-01-03,2023-02-02,2023-02-02,1.0,1.9605000019073486,2.2699999809265137,2023-01-03,2023-01-04,2023-02-02,1.0,1.25,True,-0.15786787998880691,30
FTFT,0.07102000000000001,2023-01-03,2023-02-01,2023-02-01,1.0,19.0,19.899999618530273,2023-01-03,2023-01-04,2023-02-01,1.0,1.25,True,-0.04736840097527755,29
MRKR,0.0,2022-12-28,2023-01-27,2023-01-27,1.0,2.5,3.119999885559082,2022-12-28,2022-12-29,2023-01-27,1.0,1.25,True,-0.2479999542236328,30
CNET,0.0,2022-12-21,2023-01-20,2023-01-20,1.0,10.399999618530273,7.800000190734863,2022-12-21,2022-12-22,2023-01-20,1.0,1.25,True,0.24999995415027157,30
JFU,0.044294,2022-12-19,2023-01-18,2023-01-18,1.0,3.5999999046325684,4.130000114440918,2022-12-19,2022-12-20,2023-01-18,1.0,1.25,True,-0.147222284402378,30
ATHE,0.021561999999999998,2022-12-12,2023-01-09,2023-01-09,1.0,3.4000000953674316,3.450000047683716,2022-12-12,2022-12-13,2023-01-09,1.0,1.25,True,-0.01470586791583039,28
DAVE,0.0,2022-12-07,2023-01-06,2023-01-06,1.0,11.616000175476074,8.15999984741211,2022-12-07,2022-12-08,2023-01-06,1.0,1.25,True,0.2975206849049762,30
NXTP,0.0,2022-12-07,2023-01-06,2023-01-06,1.0,2.6679999828338623,1.7400000095367432,2022-12-07,2022-12-08,2023-01-06,1.0,1.25,True,0.34782607918588815,30
IRON,0.0,2022-11-30,2022-12-30,2022-12-30,1.0,51.599998474121094,19.889999389648438,2022-11-30,2022-12-01,2022-12-30,1.0,1.25,True,0.6145348841507456,30
SLAI,0.09641000000000001,2022-11-23,2022-12-23,2022-12-23,1.0,2.0999999046325684,1.5299999713897705,2022-11-23,2022-11-25,2022-12-23,1.0,1.25,True,0.2714285519658294,30
THMO,0.0,2022-11-22,2022-12-22,2022-12-22,1.0,5.039999961853027,4.070000171661377,2022-11-22,2022-11-23,2022-12-22,1.0,1.25,True,0.19246027728837845,30
TISI,0.0,2022-11-22,2022-12-22,2022-12-22,1.0,7.199999809265137,5.630000114440918,2022-11-22,2022-11-23,2022-12-22,1.0,1.25,True,0.21805551894652894,30
MDWD,0.0,2022-11-21,2022-12-20,2022-12-20,1.0,10.569999694824219,11.039999961853027,2022-11-21,2022-11-22,2022-12-20,1.0,1.25,True,-0.04446549485322618,29
ETHZ,0.099856,2022-11-21,2022-12-19,2022-12-19,1.0,1744.199951171875,503.5,2022-11-21,2022-11-22,2022-12-19,1.0,1.25,True,0.7113289679536376,28
COSM,0.0,2022-11-16,2022-12-16,2022-12-16,1.0,0.12399999797344208,23.010000228881836,2022-11-16,2022-12-16,2022-12-16,1.0,1.25,True,-184.56452100757326,30
COE,0.054714,2022-11-15,2022-12-15,2022-12-15,1.0,7.079999923706055,6.110000133514404,2022-11-15,2022-11-16,2022-12-15,1.0,1.25,True,0.13700562155993642,30
GROM,0.073068,2022-11-09,2022-12-09,2022-12-09,1.0,163.97999572753906,26.0,2022-11-09,2022-11-10,2022-12-09,1.0,1.25,True,0.8414440744150262,30
ASTC,0.005403999999999996,2022-11-07,2022-12-05,2022-12-05,1.0,12.899999618530273,11.319999694824219,2022-11-07,2022-11-08,2022-12-05,1.0,1.25,True,0.12248061786269011,28
SCNI,0.055439999999999996,2022-10-26,2022-11-25,2022-11-25,1.0,76.0,77.4000015258789,2022-10-26,2022-10-27,2022-11-25,1.0,1.25,True,-0.01842107270893298,30
EBON,0.029814000000000004,2022-10-24,2022-11-22,2022-11-22,1.0,8.579999923706055,6.039999961853027,2022-10-24,2022-10-25,2022-11-22,1.0,1.25,True,0.2960372942236457,29
AMTD,0.00043199999999999836,2022-10-24,2022-11-22,2022-11-22,1.0,6.059999942779541,6.0,2022-10-24,2022-10-25,2022-11-22,1.0,1.25,True,0.009900980750178165,29
GOCO,0.0,2022-10-19,2022-11-18,2022-11-18,1.0,5.25,7.019999980926514,2022-10-19,2022-10-20,2022-11-18,1.0,1.25,True,-0.3371428535098121,30
PALI,0.034476,2022-10-17,2022-11-16,2022-11-16,1.0,75.0,42.29999923706055,2022-10-17,2022-10-18,2022-11-16,1.0,1.25,True,0.43600001017252604,30
SNES,0.0,2022-10-17,2022-11-16,2022-11-16,1.0,576.0,390.0,2022-10-17,2022-10-18,2022-11-16,1.0,1.25,True,0.3229166666666667,30
TIRX,0.010997999999999997,2022-10-17,2022-11-16,2022-11-16,1.0,72.5,74.25,2022-10-17,2022-10-18,2022-11-16,1.0,1.25,True,-0.02413793103448276,30
HURA,0.055776,2022-10-17,2022-11-14,2022-11-14,1.0,164.5,157.14999389648438,2022-10-17,2022-10-18,2022-11-14,1.0,1.25,True,0.044680888167268236,28
RNTX,0.008172,2022-10-12,2022-11-11,2022-11-11,1.0,4.079999923706055,3.365000009536743,2022-10-12,2022-10-13,2022-11-11,1.0,1.25,True,0.175245080279277,30
VS,0.06732199999999999,2022-10-10,2022-11-09,2022-11-09,1.0,51.551998138427734,34.08000183105469,2022-10-10,2022-10-11,2022-11-09,1.0,1.25,True,0.33891986612152525,30
ABTC,0.08038000000000001,2022-10-10,2022-11-08,2022-11-08,1.0,190.0,137.0,2022-10-10,2022-10-11,2022-11-08,1.0,1.25,True,0.2789473684210526,29
AMPE,0.003654000000000001,2022-10-10,2022-11-08,2022-11-08,1.0,7.889999866485596,6.78000020980835,2022-10-10,2022-10-11,2022-11-08,1.0,1.25,True,0.14068436951338859,29
TANH,0.056456000000000006,2022-10-05,2022-11-04,2022-11-04,1.0,181.44000244140625,108.4800033569336,2022-10-05,2022-10-06,2022-11-04,1.0,1.25,True,0.4021163916597398,30
SLDB,0.0,2022-09-28,2022-10-28,2022-10-28,1.0,7.199999809265137,6.110000133514404,2022-09-28,2022-09-29,2022-10-28,1.0,1.25,True,0.15138884786470327,30
UXIN,0.085196,2022-09-28,2022-10-28,2022-10-28,1.0,55.70000076293945,40.70000076293945,2022-09-28,2022-09-29,2022-10-28,1.0,1.25,True,0.2692998167781067,30
HOTH,0.008698,2022-09-26,2022-10-26,2022-10-26,1.0,9.25,5.920000076293945,2022-09-26,2022-09-27,2022-10-26,1.0,1.25,True,0.3599999917520059,30
TLPH,0.052686,2022-09-26,2022-10-25,2022-10-25,1.0,4.199999809265137,4.199999809265137,2022-09-26,2022-09-27,2022-10-25,1.0,1.25,True,0.0,29
AIRI,0.0,2022-09-19,2022-10-18,2022-10-18,1.0,7.0,5.449999809265137,2022-09-19,2022-09-20,2022-10-18,1.0,1.25,True,0.22142859867640904,29
MYND,0.0,2022-09-14,2022-10-14,2022-10-14,1.0,5.800000190734863,9.529999732971191,2022-09-14,2022-09-15,2022-10-14,1.0,1.25,True,-0.6431033482024309,30
TTOO,0.019034000000000002,2022-09-13,2022-10-13,2022-10-13,1.0,585.0,255.0,2022-09-13,2022-09-14,2022-10-13,1.0,1.25,True,0.5641025641025641,30
COCP,0.052031999999999995,2022-09-12,2022-10-11,2022-10-11,1.0,4.440000057220459,2.5,2022-09-12,2022-09-13,2022-10-11,1.0,1.25,True,0.43693694419340684,29
KPRX,0.040737999999999996,2022-08-29,2022-09-27,2022-09-27,1.0,83.5199966430664,59.400001525878906,2022-08-29,2022-08-30,2022-09-27,1.0,1.25,True,0.28879305659299104,29
ATXI,0.07968599999999999,2022-08-24,2022-09-23,2022-09-23,1.0,288.0,337.5,2022-08-24,2022-08-25,2022-09-23,1.0,1.25,True,-0.171875,30
TOPS,0.064276,2022-08-24,2022-09-23,2022-09-23,1.0,76.80000305175781,31.200000762939453,2022-08-24,2022-08-25,2022-09-23,1.0,1.25,True,0.5937500062088169,30
LSTA,0.005528,2022-08-16,2022-09-15,2022-09-15,1.0,8.100000381469727,6.25,2022-08-16,2022-08-17,2022-09-15,1.0,1.25,True,0.2283950980671495,30
IFBD,0.0037900000000000017,2022-08-09,2022-09-08,2022-09-08,1.0,1736.0,1476.0,2022-08-09,2022-08-10,2022-09-08,1.0,1.25,True,0.1497695852534562,30
CMCM,0.071466,2022-08-03,2022-09-02,2022-09-02,1.0,3.6500000953674316,3.700000047683716,2022-08-03,2022-08-04,2022-09-02,1.0,1.25,True,-0.013698616715036242,30
MNMD,0.0,2022-08-01,2022-08-29,2022-08-29,1.0,9.899999618530273,12.010000228881836,2022-08-01,2022-08-02,2022-08-29,1.0,1.25,True,-0.21313138299542755,28
SLNO,0.0,2022-07-27,2022-08-26,2022-08-26,1.0,2.5950000286102295,1.9199999570846558,2022-07-27,2022-07-28,2022-08-26,1.0,1.25,True,0.26011563163144735,30
VANI,0.0,2022-07-20,2022-08-19,2022-08-19,1.0,6.539999961853027,4.349999904632568,2022-07-20,2022-07-21,2022-08-19,1.0,1.25,True,0.33486239602361556,30
ITRM,0.0,2022-07-19,2022-08-18,2022-08-18,1.0,3.9600000381469727,2.9000000953674316,2022-07-19,2022-07-20,2022-08-18,1.0,1.25,True,0.2676767506486069,30
ROOT,0.0,2022-07-18,2022-08-15,2022-08-15,1.0,18.540000915527344,19.219999313354492,2022-07-18,2022-07-19,2022-08-15,1.0,1.25,True,-0.03667736592492001,28
ARTL,0.089522,2022-07-11,2022-08-10,2022-08-10,1.0,31.40999984741211,24.0,2022-07-11,2022-07-12,2022-08-10,1.0,1.25,True,0.235912126183045,30
MUX,0.0,2022-06-28,2022-07-28,2022-07-28,1.0,4.679999828338623,3.75,2022-06-28,2022-06-29,2022-07-28,1.0,1.25,True,0.19871791932709715,30
SNDL,0.0,2022-06-27,2022-07-26,2022-07-26,1.0,3.8499999046325684,2.2799999713897705,2022-06-27,2022-06-28,2022-07-26,1.0,1.25,True,0.4077922005539981,29
ITP,0.032132,2022-06-08,2022-07-08,2022-07-08,1.0,1.7000000476837158,1.0499999523162842,2022-06-08,2022-06-09,2022-07-08,1.0,1.25,True,0.38235298655024735,30
AVTX,0.012773999999999997,2022-06-07,2022-07-07,2022-07-07,1.0,1238.4000244140625,1238.4000244140625,2022-06-07,2022-06-08,2022-07-07,1.0,1.25,True,0.0,30
SOS,0.070776,2022-06-06,2022-07-06,2022-07-06,1.0,267.75,124.6500015258789,2022-06-06,2022-06-07,2022-07-06,1.0,1.25,True,0.5344537758137109,30
ABEO,0.0,2022-06-06,2022-07-05,2022-07-05,1.0,4.0,4.079999923706055,2022-06-06,2022-06-07,2022-07-05,1.0,1.25,True,-0.019999980926513672,29
CALA,0.008886000000000002,2022-05-16,2022-06-15,2022-06-15,1.0,4.300000190734863,2.75,2022-05-16,2022-05-17,2022-06-15,1.0,1.25,True,0.3604651446468821,30
PETZ,0.0,2022-05-16,2022-06-14,2022-06-14,1.0,4.539999961853027,2.190000057220459,2022-05-16,2022-05-17,2022-06-14,1.0,1.25,True,0.5176211287176756,29
FAMI,0.06847600000000001,2022-05-02,2022-05-31,2022-05-31,1.0,288.0,121.91999816894531,2022-05-02,2022-05-03,2022-05-31,1.0,1.25,True,0.5766666730244955,29
FENG,0.04158,2022-04-25,2022-05-23,2022-05-23,1.0,3.299999952316284,2.559999942779541,2022-04-25,2022-04-26,2022-05-23,1.0,1.25,True,0.22424243037256228,28
PT,0.0,2022-04-18,2022-05-16,2022-05-16,1.0,3.5999999046325684,1.7100000381469727,2022-04-18,2022-04-19,2022-05-16,1.0,1.25,True,0.5249999768204153,28
RMTI,0.0,2022-04-13,2022-05-13,2022-05-13,1.0,4.289999961853027,2.0199999809265137,2022-04-13,2022-04-14,2022-05-13,1.0,1.25,True,0.5291375293966221,30
PXS,0.078364,2022-04-13,2022-05-13,2022-05-13,1.0,2.680000066757202,2.5999999046325684,2022-04-13,2022-04-14,2022-05-13,1.0,1.25,True,0.029850806019357277,30
TXMD,0.054577999999999995,2022-04-11,2022-05-09,2022-05-09,1.0,16.0,4.840000152587891,2022-04-11,2022-04-12,2022-05-09,1.0,1.25,True,0.6974999904632568,28
EVFM,0.0,2022-04-06,2022-05-06,2022-05-06,1.0,530.625,175.0,2022-04-06,2022-04-07,2022-05-06,1.0,1.25,True,0.6702002355712603,30
BTCT,0.091938,2022-04-06,2022-05-06,2022-05-06,1.0,96.0,39.0,2022-04-06,2022-04-07,2022-05-06,1.0,1.25,True,0.59375,30
PULM,0.0,2022-01-31,2022-03-01,2022-03-01,1.0,7.900000095367432,5.71999979019165,2022-01-31,2022-02-01,2022-03-01,1.0,1.25,True,0.2759494023872399,29
TANH,0.056456000000000006,2022-01-31,2022-02-28,2022-02-28,1.0,2841.60009765625,1920.0,2022-01-31,2022-02-01,2022-02-28,1.0,1.25,True,0.3243243475450276,28
GECC,0.0,2022-01-31,2022-02-28,2022-02-28,1.0,17.700000762939453,16.100000381469727,2022-01-31,2022-02-01,2022-02-28,1.0,1.25,True,0.09039549788154999,28
CENN,0.0,2021-11-22,2021-12-22,2021-12-22,1.0,1031.25,625.0,2021-11-22,2021-11-23,2021-12-22,1.0,1.25,True,0.3939393939393939,30
BORR,0.0,2021-11-15,2021-12-14,2021-12-14,1.0,2.5999999046325684,1.5299999713897705,2021-11-15,2021-11-16,2021-12-14,1.0,1.25,True,0.411538450957755,29
IDR,0.0,2021-11-08,2021-12-06,2021-12-06,1.0,6.159999847412109,6.5,2021-11-08,2021-11-09,2021-12-06,1.0,1.25,True,-0.05519483133278466,28
LGMK,0.0,2021-09-15,2021-10-15,2021-10-15,1.0,1575000.0,1485000.0,2021-09-15,2021-09-16,2021-10-15,1.0,1.25,True,0.05714285714285714,30
GRCE,0.0,2021-08-02,2021-08-31,2021-08-31,1.0,23.520000457763672,16.020000457763672,2021-08-02,2021-08-03,2021-08-31,1.0,1.25,True,0.31887754481417707,29
WHWK,0.0,2021-07-28,2021-08-27,2021-08-27,1.0,32.400001525878906,26.0,2021-07-28,2021-07-29,2021-08-27,1.0,1.25,True,0.19753090198983547,30
ATXS,0.0,2021-07-21,2021-08-20,2021-08-20,1.0,10.140000343322754,7.579999923706055,2021-07-21,2021-07-22,2021-08-20,1.0,1.25,True,0.2524655160689885,30
SBET,0.0,2021-06-28,2021-07-27,2021-07-27,1.0,715.2000122070312,808.7999877929688,2021-06-28,2021-06-29,2021-07-27,1.0,1.25,True,-0.1308724468517526,29
MITT,0.0,2021-06-23,2021-07-23,2021-07-23,1.0,13.5600004196167,10.779999732971191,2021-06-23,2021-06-24,2021-07-23,1.0,1.25,True,0.2050147935558906,30
AHT,0.0,2021-06-16,2021-07-16,2021-07-16,1.0,576.0,182.0,2021-06-16,2021-06-17,2021-07-16,1.0,1.25,True,0.6840277777777778,30
TPST,0.08273,2021-06-01,2021-06-28,2021-06-28,1.0,232.0500030517578,173.67999267578125,2021-06-01,2021-06-02,2021-06-28,1.0,1.25,True,0.2515406576528136,27
CTRM,0.011794,2021-04-28,2021-05-28,2021-05-28,1.0,52.70000076293945,30.5,2021-04-28,2021-04-29,2021-05-28,1.0,1.25,True,0.4212523802950549,30
TRAW,0.029249999999999998,2021-04-20,2021-05-20,2021-05-20,1.0,228.75,273.75,2021-04-20,2021-04-21,2021-05-20,1.0,1.25,True,-0.19672131147540983,30
ASRT,0.0,2021-04-19,2021-05-18,2021-05-18,1.0,28.799999237060547,23.399999618530273,2021-04-19,2021-04-20,2021-05-18,1.0,1.25,True,0.1874999917215769,29
PALI,0.034476,2021-03-29,2021-04-28,2021-04-28,1.0,6705.0,7687.5,2021-03-29,2021-03-30,2021-04-28,1.0,1.25,True,-0.1465324384787472,30
NSPR,0.07459600000000001,2021-03-29,2021-04-27,2021-04-27,1.0,9.899999618530273,6.920000076293945,2021-03-29,2021-03-30,2021-04-27,1.0,1.25,True,0.30101006636995514,29
LEE,0.043066,2021-02-16,2021-03-15,2021-03-15,1.0,23.200000762939453,25.020000457763672,2021-02-16,2021-02-17,2021-03-15,1.0,1.25,True,-0.07844826012814422,27
VYNE,0.0,2021-01-13,2021-02-12,2021-02-12,1.0,117.36000061035156,190.8000030517578,2021-01-13,2021-01-14,2021-02-12,1.0,1.25,True,-0.6257668887139438,30
LDWY,0.03419,2020-12-07,2021-01-04,2021-01-04,1.0,6.929999828338623,7.309999942779541,2020-12-07,2020-12-08,2021-01-04,1.0,1.25,True,-0.054834072706177545,28
ZVRA,0.0,2020-12-01,2020-12-31,2020-12-31,1.0,16.239999771118164,11.199999809265137,2020-12-01,2020-12-02,2020-12-31,1.0,1.25,True,0.3103448296111651,30
SNDA,0.0,2020-11-16,2020-12-14,2020-12-14,1.0,10.5,15.34000015258789,2020-11-16,2020-11-17,2020-12-14,1.0,1.25,True,-0.460952395484561,28
SCPX,0.0,2020-11-10,2020-12-10,2020-12-10,1.0,1456.00146484375,1301.30126953125,2020-11-10,2020-11-11,2020-12-10,1.0,1.25,True,0.1062500272478102,30
EYPT,0.0,2020-11-09,2020-12-09,2020-12-09,1.0,4.199999809265137,4.489999771118164,2020-11-09,2020-11-10,2020-12-09,1.0,1.25,True,-0.06904761310067009,30
NCSM,0.0004880000000000023,2020-11-02,2020-12-01,2020-12-01,1.0,14.699999809265137,21.5,2020-11-02,2020-11-03,2020-12-01,1.0,1.25,True,-0.46258505299088165,29
NVNO,0.0,2020-11-02,2020-11-30,2020-11-30,1.0,7.900000095367432,7.389999866485596,2020-11-02,2020-11-03,2020-11-30,1.0,1.25,True,0.06455699021837995,28
DLPN,0.0,2020-10-26,2020-11-25,2020-11-25,1.0,6.400000095367432,6.900000095367432,2020-10-26,2020-10-27,2020-11-25,1.0,1.25,True,-0.0781249988358468,30
ENSV,0.013404000000000001,2020-10-26,2020-11-23,2020-11-23,1.0,2.1194889545440674,2.0350000858306885,2020-10-26,2020-10-27,2020-11-23,1.0,1.25,True,0.03986284926479066,28
UAN,0.0,2020-10-26,2020-11-23,2020-11-23,1.0,7.400000095367432,8.5,2020-10-26,2020-10-27,2020-11-23,1.0,1.25,True,-0.14864863384545,28
XYF,0.0,2020-10-20,2020-11-19,2020-11-19,1.0,3.3299999237060547,1.9199999570846558,2020-10-20,2020-10-21,2020-11-19,1.0,1.25,True,0.42342342310091363,30
VRDN,0.0,2020-10-14,2020-11-13,2020-11-13,1.0,8.399999618530273,15.779999732971191,2020-10-14,2020-10-15,2020-11-13,1.0,1.25,True,-0.8785714820939692,30
JILL,0.0,2020-10-12,2020-11-10,2020-11-10,1.0,3.424999952316284,3.75,2020-10-12,2020-10-13,2020-11-10,1.0,1.25,True,-0.0948905261922478,29
COGT,0.0,2020-10-12,2020-11-09,2020-11-09,1.0,9.880000114440918,10.050000190734863,2020-10-12,2020-10-13,2020-11-09,1.0,1.25,True,-0.017206485255548517,28
FET,0.0,2020-10-12,2020-11-09,2020-11-09,1.0,12.199999809265137,9.199999809265137,2020-10-12,2020-10-13,2020-11-09,1.0,1.25,True,0.24590164318868987,28
WYY,0.045156,2020-10-12,2020-11-09,2020-11-09,1.0,5.099999904632568,6.78000020980835,2020-10-12,2020-10-13,2020-11-09,1.0,1.25,True,-0.3294118307041062,28
GLBS,0.046838000000000005,2020-09-21,2020-10-21,2020-10-21,1.0,12.0,7.559999942779541,2020-09-21,2020-09-22,2020-10-21,1.0,1.25,True,0.3700000047683716,30
NCTY,0.08599599999999999,2020-09-21,2020-10-19,2020-10-19,1.0,70.0,25.5,2020-09-21,2020-09-22,2020-10-19,1.0,1.25,True,0.6357142857142857,28
ELDN,0.0,2020-09-08,2020-10-06,2020-10-06,1.0,6.984000205993652,17.18000030517578,2020-09-08,2020-09-09,2020-10-06,1.0,1.25,True,-1.4599083331114375,28
NOG,0.0,2020-08-24,2020-09-21,2020-09-21,1.0,6.900000095367432,5.900000095367432,2020-08-24,2020-08-25,2020-09-21,1.0,1.25,True,0.14492753422878743,28
ACET,0.0,2020-08-17,2020-09-15,2020-09-15,1.0,252.0,255.36000061035156,2020-08-17,2020-08-18,2020-09-15,1.0,1.25,True,-0.013333335755363343,29
IPI,0.0,2020-07-15,2020-08-14,2020-08-14,1.0,8.899999618530273,13.130000114440918,2020-07-15,2020-07-16,2020-08-14,1.0,1.25,True,-0.4752809749680841,30
ONIT,0.0,2020-07-15,2020-08-14,2020-08-14,1.0,9.75,21.0,2020-07-15,2020-07-16,2020-08-14,1.0,1.25,True,-1.1538461538461537,30
ATNM,0.0,2020-07-13,2020-08-11,2020-08-11,1.0,10.5,9.65999984741211,2020-07-13,2020-07-14,2020-08-11,1.0,1.25,True,0.08000001453218006,29
TOPS,0.064276,2020-07-13,2020-08-10,2020-08-10,1.0,660.0,412.79998779296875,2020-07-13,2020-07-14,2020-08-10,1.0,1.25,True,0.3745454730409564,28
VISL,0.028992000000000004,2020-07-06,2020-08-03,2020-08-03,1.0,69.5999984741211,51.400001525878906,2020-07-06,2020-07-07,2020-08-03,1.0,1.25,True,0.26149421475934903,28
ACHV,0.0,2020-07-01,2020-07-31,2020-07-31,1.0,8.0,13.630000114440918,2020-07-01,2020-07-02,2020-07-31,1.0,1.25,True,-0.7037500143051147,30
KLXE,0.0,2020-06-29,2020-07-28,2020-07-28,1.0,10.850000381469727,10.329999923706055,2020-06-29,2020-06-30,2020-07-28,1.0,1.25,True,0.04792630778628906,29
PFX,0.039744,2020-06-29,2020-07-27,2020-07-27,1.0,14.819999694824219,12.399999618530273,2020-06-29,2020-06-30,2020-07-27,1.0,1.25,True,0.1632928560139656,28
SCYX,0.0,2020-06-17,2020-07-17,2020-07-17,1.0,8.199999809265137,6.360000133514404,2020-06-17,2020-06-18,2020-07-17,1.0,1.25,True,0.22439020957924005,30
AHT,0.0,2020-06-16,2020-07-16,2020-07-16,1.0,1000.0,557.0,2020-06-16,2020-06-17,2020-07-16,1.0,1.25,True,0.443,30
JAKK,0.0,2020-06-10,2020-07-10,2020-07-10,1.0,7.300000190734863,6.519999980926514,2020-06-10,2020-06-11,2020-07-10,1.0,1.25,True,0.10684934101759659,30
SHIP,0.0,2020-06-01,2020-06-30,2020-06-30,1.0,20.799999237060547,21.399999618530273,2020-06-01,2020-06-02,2020-06-30,1.0,1.25,True,-0.028846173244115876,29
EFOI,0.0,2020-05-13,2020-06-12,2020-06-12,1.0,18.899999618530273,42.209999084472656,2020-05-13,2020-05-14,2020-06-12,1.0,1.25,True,-1.2333333299694027,30
XWEL,0.0,2020-05-12,2020-06-11,2020-06-11,1.0,25.799999237060547,83.5999984741211,2020-05-12,2020-05-13,2020-06-11,1.0,1.25,True,-2.240310114196958,30
RAND,0.0,2020-04-22,2020-05-22,2020-05-22,1.0,18.719999313354492,12.3100004196167,2020-04-22,2020-04-23,2020-05-22,1.0,1.25,True,0.3424144833790149,30
RDNW,0.0,2020-04-20,2020-05-20,2020-05-20,1.0,6.599999904632568,9.25,2020-04-20,2020-04-21,2020-05-20,1.0,1.25,True,-0.40151517176650037,30
DSS,0.0040999999999999995,2020-04-08,2020-05-08,2020-05-08,1.0,116.99164581298828,155.80316162109375,2020-04-08,2020-04-09,2020-05-08,1.0,1.25,True,-0.3317460450992019,30
BNTC,0.0,2020-03-16,2020-04-15,2020-04-15,1.0,77.26499938964844,92.05500030517578,2020-03-16,2020-03-17,2020-04-15,1.0,1.25,True,-0.1914191552754847,30
SNES,0.0,2020-01-06,2020-02-05,2020-02-05,1.0,28464.0,15648.0,2020-01-06,2020-01-07,2020-02-05,1.0,1.25,True,0.4502529510961214,30
MYO,0.0,2020-01-02,2020-01-31,2020-01-31,1.0,8.430000305175781,6.454999923706055,2020-01-02,2020-01-03,2020-01-31,1.0,1.25,True,0.23428236179981302,29
VANI,0.0,2019-12-09,2020-01-06,2020-01-06,1.0,19.68000030517578,15.630000114440918,2019-12-09,2019-12-10,2020-01-06,1.0,1.25,True,0.2057926894274349,28
RCON,0.07164399999999999,2019-11-27,2019-12-27,2019-12-27,1.0,65.69999694824219,41.939998626708984,2019-11-27,2019-11-29,2019-12-27,1.0,1.25,True,0.3616438268673147,30
DCTH,0.0,2019-11-25,2019-12-24,2019-12-24,1.0,28.0,28.700000762939453,2019-11-25,2019-11-26,2019-12-24,1.0,1.25,True,-0.025000027247837613,29
QUIK,0.029098,2019-11-25,2019-12-24,2019-12-24,1.0,3.640000104904175,4.059999942779541,2019-11-25,2019-11-26,2019-12-24,1.0,1.25,True,-0.11538456751951741,29
CENN,0.0,2019-11-20,2019-12-20,2019-12-20,1.0,5565.0,3210.0,2019-11-20,2019-11-21,2019-12-20,1.0,1.25,True,0.42318059299191374,30
PLX,0.0,2019-11-20,2019-12-20,2019-12-20,1.0,2.299999952316284,2.5999999046325684,2019-11-20,2019-11-21,2019-12-20,1.0,1.25,True,-0.1304347645808254,30
ESEA,0.0,2019-11-19,2019-12-19,2019-12-19,1.0,3.0593979358673096,3.4336860179901123,2019-11-19,2019-11-20,2019-12-19,1.0,1.25,True,-0.12234043755301668,30
CLSK,0.0,2019-11-11,2019-12-11,2019-12-11,1.0,9.199999809265137,8.0,2019-11-11,2019-11-12,2019-12-11,1.0,1.25,True,0.1304347645808254,30
LODE,0.0,2019-10-30,2019-11-29,2019-11-29,1.0,4.5,2.799999952316284,2019-10-30,2019-10-31,2019-11-29,1.0,1.25,True,0.3777777883741591,30
